word	length	zipf	noun_senses	other_senses	source
ability	7	4.96	2	0	WORDFREQ_RANKED
absence	7	4.34	4	0	WORDFREQ_RANKED
academy	7	4.57	4	0	WORDFREQ_RANKED
accent	6	4.14	5	2	WORDFREQ_RANKED
access	6	5.05	6	2	WORDFREQ_RANKED
accord	6	3.81	4	2	WORDFREQ_RANKED
account	7	5.21	10	4	WORDFREQ_RANKED
action	6	5.25	11	2	WORDFREQ_RANKED
actor	5	4.65	2	0	WORDFREQ_RANKED
actress	7	4.45	1	0	WORDFREQ_RANKED
addict	6	3.68	2	1	WORDFREQ_RANKED
admiral	7	4.00	2	0	WORDFREQ_RANKED
adult	5	4.80	2	2	WORDFREQ_RANKED
advice	6	4.88	1	0	WORDFREQ_RANKED
adviser	7	3.94	1	0	WORDFREQ_RANKED
advisor	7	4.01	1	0	WORDFREQ_RANKED
aerial	6	3.91	2	2	WORDFREQ_RANKED
affair	6	4.30	3	0	WORDFREQ_RANKED
agency	6	4.87	5	0	WORDFREQ_RANKED
agenda	6	4.30	2	0	WORDFREQ_RANKED
agent	5	4.81	6	0	WORDFREQ_RANKED
aging	5	4.04	2	1	WORDFREQ_RANKED
aide	4	3.69	2	0	WORDFREQ_RANKED
airline	7	4.04	2	0	WORDFREQ_RANKED
airport	7	4.84	1	0	WORDFREQ_RANKED
aisle	5	3.72	3	0	WORDFREQ_RANKED
alarm	5	4.28	4	2	WORDFREQ_RANKED
album	5	5.02	2	0	WORDFREQ_RANKED
algebra	7	3.77	1	0	WORDFREQ_RANKED
alien	5	4.29	3	3	WORDFREQ_RANKED
alley	5	3.87	2	0	WORDFREQ_RANKED
ally	4	4.10	2	1	WORDFREQ_RANKED
alpha	5	4.25	2	2	WORDFREQ_RANKED
altar	5	3.80	2	0	WORDFREQ_RANKED
amateur	7	4.22	2	2	WORDFREQ_RANKED
amber	5	3.97	2	1	WORDFREQ_RANKED
amino	5	3.72	1	1	WORDFREQ_RANKED
amnesty	7	3.63	3	1	WORDFREQ_RANKED
amount	6	5.13	4	3	WORDFREQ_RANKED
analog	6	3.73	1	1	WORDFREQ_RANKED
analogy	7	3.71	3	0	WORDFREQ_RANKED
analyst	7	4.03	3	0	WORDFREQ_RANKED
anatomy	7	3.94	3	0	WORDFREQ_RANKED
anchor	6	4.02	3	2	WORDFREQ_RANKED
ancient	7	4.68	2	2	WORDFREQ_RANKED
android	7	4.42	2	0	WORDFREQ_RANKED
anger	5	4.42	3	2	WORDFREQ_RANKED
animal	6	4.81	1	1	WORDFREQ_RANKED
anime	5	4.26	3	0	WORDFREQ_RANKED
ankle	5	3.97	1	0	WORDFREQ_RANKED
annual	6	4.94	2	2	WORDFREQ_RANKED
antenna	7	3.77	3	0	WORDFREQ_RANKED
anthem	6	3.91	2	0	WORDFREQ_RANKED
anti	4	5.01	1	1	WORDFREQ_RANKED
anxiety	7	4.45	2	0	WORDFREQ_RANKED
apex	4	3.71	2	0	WORDFREQ_RANKED
apology	7	4.05	3	0	WORDFREQ_RANKED
apparel	7	3.72	1	1	WORDFREQ_RANKED
apple	5	4.76	2	0	WORDFREQ_RANKED
arcade	6	3.73	2	0	WORDFREQ_RANKED
arch	4	4.02	4	3	WORDFREQ_RANKED
archive	7	3.98	1	1	WORDFREQ_RANKED
area	4	5.46	6	0	WORDFREQ_RANKED
arena	5	4.33	4	0	WORDFREQ_RANKED
armor	5	3.97	3	1	WORDFREQ_RANKED
array	5	4.10	4	2	WORDFREQ_RANKED
arrival	7	4.44	3	0	WORDFREQ_RANKED
arrow	5	4.13	2	0	WORDFREQ_RANKED
arse	4	3.57	2	0	WORDFREQ_RANKED
article	7	5.09	4	1	WORDFREQ_RANKED
artist	6	4.80	1	0	WORDFREQ_RANKED
artwork	7	4.11	1	0	WORDFREQ_RANKED
aspect	6	4.41	5	0	WORDFREQ_RANKED
asset	5	4.23	1	0	WORDFREQ_RANKED
asylum	6	3.99	2	0	WORDFREQ_RANKED
atheist	7	3.62	1	1	WORDFREQ_RANKED
athlete	7	4.11	1	0	WORDFREQ_RANKED
atlas	5	3.80	3	0	WORDFREQ_RANKED
atom	4	3.72	2	0	WORDFREQ_RANKED
attempt	7	4.85	2	2	WORDFREQ_RANKED
auction	7	4.27	2	1	WORDFREQ_RANKED
audio	5	4.47	4	0	WORDFREQ_RANKED
audit	5	4.04	2	2	WORDFREQ_RANKED
aunt	4	4.16	1	0	WORDFREQ_RANKED
author	6	4.95	2	1	WORDFREQ_RANKED
auto	4	4.48	1	0	WORDFREQ_RANKED
autumn	6	4.26	1	0	WORDFREQ_RANKED
avatar	6	3.69	2	0	WORDFREQ_RANKED
avenue	6	4.43	2	0	WORDFREQ_RANKED
award	5	4.88	3	2	WORDFREQ_RANKED
axis	4	4.02	5	0	WORDFREQ_RANKED
axle	4	3.49	1	0	WORDFREQ_RANKED
baba	4	3.58	1	0	WORDFREQ_RANKED
baby	4	5.26	7	1	WORDFREQ_RANKED
backing	7	4.23	3	0	WORDFREQ_RANKED
backup	6	4.21	5	0	WORDFREQ_RANKED
badass	6	3.71	2	1	WORDFREQ_RANKED
badge	5	4.02	2	1	WORDFREQ_RANKED
baggage	7	3.74	3	0	WORDFREQ_RANKED
baker	5	4.23	2	0	WORDFREQ_RANKED
baking	6	3.92	2	1	WORDFREQ_RANKED
balance	7	4.76	10	4	WORDFREQ_RANKED
balcony	7	3.78	2	0	WORDFREQ_RANKED
ball	4	5.04	10	2	WORDFREQ_RANKED
ballet	6	3.95	2	0	WORDFREQ_RANKED
balloon	7	3.90	2	2	WORDFREQ_RANKED
ballot	6	4.06	2	1	WORDFREQ_RANKED
banana	6	4.00	2	0	WORDFREQ_RANKED
band	4	4.92	13	2	WORDFREQ_RANKED
bank	4	5.16	10	8	WORDFREQ_RANKED
banker	6	3.78	2	0	WORDFREQ_RANKED
banking	7	4.35	2	0	WORDFREQ_RANKED
banner	6	4.12	3	1	WORDFREQ_RANKED
bargain	7	3.95	2	2	WORDFREQ_RANKED
barn	4	3.99	2	0	WORDFREQ_RANKED
baron	5	3.88	3	0	WORDFREQ_RANKED
barrel	6	4.17	5	1	WORDFREQ_RANKED
barrier	7	4.15	3	0	WORDFREQ_RANKED
base	4	5.05	19	10	WORDFREQ_RANKED
bash	4	3.81	2	1	WORDFREQ_RANKED
basin	5	4.08	5	0	WORDFREQ_RANKED
basis	5	4.81	3	0	WORDFREQ_RANKED
basket	6	4.07	4	0	WORDFREQ_RANKED
bass	4	4.28	8	1	WORDFREQ_RANKED
batch	5	3.91	3	1	WORDFREQ_RANKED
bath	4	4.44	3	0	WORDFREQ_RANKED
baton	5	3.64	5	0	WORDFREQ_RANKED
battery	7	4.52	7	0	WORDFREQ_RANKED
batting	7	3.84	2	0	WORDFREQ_RANKED
beach	5	4.92	1	1	WORDFREQ_RANKED
beacon	6	3.74	3	2	WORDFREQ_RANKED
beam	4	4.14	7	6	WORDFREQ_RANKED
bean	4	3.98	4	1	WORDFREQ_RANKED
beard	5	4.07	5	1	WORDFREQ_RANKED
bearing	7	4.22	6	1	WORDFREQ_RANKED
beast	5	4.29	2	0	WORDFREQ_RANKED
beau	4	3.58	2	0	WORDFREQ_RANKED
beauty	6	4.75	3	0	WORDFREQ_RANKED
bedroom	7	4.46	1	0	WORDFREQ_RANKED
beef	4	4.29	3	1	WORDFREQ_RANKED
behalf	6	4.42	2	0	WORDFREQ_RANKED
belief	6	4.46	2	0	WORDFREQ_RANKED
bell	4	4.59	7	1	WORDFREQ_RANKED
belly	5	4.10	5	1	WORDFREQ_RANKED
belt	4	4.42	7	3	WORDFREQ_RANKED
bench	5	4.39	6	4	WORDFREQ_RANKED
benefit	7	4.82	3	2	WORDFREQ_RANKED
bicycle	7	3.98	1	1	WORDFREQ_RANKED
bidding	7	3.81	3	0	WORDFREQ_RANKED
bike	4	4.53	2	1	WORDFREQ_RANKED
bill	4	5.15	10	3	WORDFREQ_RANKED
binary	6	3.95	2	2	WORDFREQ_RANKED
binding	7	4.14	5	1	WORDFREQ_RANKED
bingo	5	3.71	1	0	WORDFREQ_RANKED
biology	7	4.22	3	0	WORDFREQ_RANKED
bird	4	4.63	5	1	WORDFREQ_RANKED
birth	5	4.77	5	1	WORDFREQ_RANKED
bladder	7	3.62	2	0	WORDFREQ_RANKED
blade	5	4.19	9	0	WORDFREQ_RANKED
blanket	7	4.07	3	3	WORDFREQ_RANKED
blaze	5	3.69	5	5	WORDFREQ_RANKED
blend	5	3.95	3	3	WORDFREQ_RANKED
bliss	5	3.78	1	0	WORDFREQ_RANKED
bloc	4	3.60	1	0	WORDFREQ_RANKED
blonde	6	4.04	2	1	WORDFREQ_RANKED
blood	5	5.10	5	1	WORDFREQ_RANKED
bloom	5	3.93	6	1	WORDFREQ_RANKED
blossom	7	3.62	2	2	WORDFREQ_RANKED
board	5	5.24	9	4	WORDFREQ_RANKED
boat	4	4.71	2	1	WORDFREQ_RANKED
body	4	5.40	11	1	WORDFREQ_RANKED
boiler	6	3.71	2	0	WORDFREQ_RANKED
bond	4	4.59	8	4	WORDFREQ_RANKED
bone	4	4.47	3	3	WORDFREQ_RANKED
bong	4	3.50	1	1	WORDFREQ_RANKED
bonus	5	4.45	2	0	WORDFREQ_RANKED
book	4	5.43	9	4	WORDFREQ_RANKED
booking	7	3.86	2	0	WORDFREQ_RANKED
boom	4	4.33	5	5	WORDFREQ_RANKED
boot	4	4.19	7	2	WORDFREQ_RANKED
booth	5	4.10	3	0	WORDFREQ_RANKED
border	6	4.70	5	5	WORDFREQ_RANKED
bore	4	3.93	4	2	WORDFREQ_RANKED
borough	7	3.83	2	0	WORDFREQ_RANKED
boss	4	4.76	5	2	WORDFREQ_RANKED
bottle	6	4.57	3	2	WORDFREQ_RANKED
bottom	6	4.84	7	5	WORDFREQ_RANKED
bounty	6	3.74	3	0	WORDFREQ_RANKED
bout	4	4.05	4	0	WORDFREQ_RANKED
bowl	4	4.63	9	3	WORDFREQ_RANKED
bowling	7	4.05	3	0	WORDFREQ_RANKED
boxer	5	3.74	3	0	WORDFREQ_RANKED
boxing	6	4.17	2	0	WORDFREQ_RANKED
boycott	7	3.81	1	1	WORDFREQ_RANKED
brace	5	3.72	9	4	WORDFREQ_RANKED
bracket	7	3.84	4	3	WORDFREQ_RANKED
brain	5	4.94	5	2	WORDFREQ_RANKED
brake	5	3.95	5	2	WORDFREQ_RANKED
branch	6	4.58	6	2	WORDFREQ_RANKED
brand	5	4.83	6	4	WORDFREQ_RANKED
brass	5	4.05	7	0	WORDFREQ_RANKED
breach	6	4.13	3	2	WORDFREQ_RANKED
bread	5	4.50	2	1	WORDFREQ_RANKED
breakup	7	3.64	2	0	WORDFREQ_RANKED
breath	6	4.52	5	0	WORDFREQ_RANKED
breeze	6	3.86	2	2	WORDFREQ_RANKED
brent	5	3.69	1	0	WORDFREQ_RANKED
brick	5	4.25	2	1	WORDFREQ_RANKED
bridge	6	4.77	9	3	WORDFREQ_RANKED
brigade	7	3.90	1	1	WORDFREQ_RANKED
broker	6	3.89	1	1	WORDFREQ_RANKED
brook	5	3.74	1	1	WORDFREQ_RANKED
brother	7	5.11	4	0	WORDFREQ_RANKED
brow	4	3.55	3	0	WORDFREQ_RANKED
browser	7	3.89	2	0	WORDFREQ_RANKED
brush	5	4.23	9	6	WORDFREQ_RANKED
buck	4	4.01	4	4	WORDFREQ_RANKED
bucket	6	4.07	2	2	WORDFREQ_RANKED
buddy	5	4.40	1	0	WORDFREQ_RANKED
budget	6	4.82	2	1	WORDFREQ_RANKED
buffalo	7	4.14	3	1	WORDFREQ_RANKED
buffer	6	3.78	7	2	WORDFREQ_RANKED
builder	7	3.85	3	0	WORDFREQ_RANKED
bulb	4	3.66	6	0	WORDFREQ_RANKED
bulk	4	4.19	3	3	WORDFREQ_RANKED
bull	4	4.34	9	4	WORDFREQ_RANKED
bumper	6	3.69	2	0	WORDFREQ_RANKED
bunch	5	4.57	3	2	WORDFREQ_RANKED
bunny	5	3.88	2	0	WORDFREQ_RANKED
burden	6	4.23	4	2	WORDFREQ_RANKED
bureau	6	4.41	2	0	WORDFREQ_RANKED
burning	7	4.50	6	1	WORDFREQ_RANKED
bush	4	4.49	4	2	WORDFREQ_RANKED
butcher	7	3.75	4	1	WORDFREQ_RANKED
butter	6	4.40	2	1	WORDFREQ_RANKED
button	6	4.56	8	2	WORDFREQ_RANKED
buyer	5	4.03	1	0	WORDFREQ_RANKED
bypass	6	3.76	3	1	WORDFREQ_RANKED
cabin	5	4.13	3	1	WORDFREQ_RANKED
cabinet	7	4.49	4	0	WORDFREQ_RANKED
cable	5	4.54	6	2	WORDFREQ_RANKED
cafe	4	4.09	1	0	WORDFREQ_RANKED
cage	4	4.13	4	1	WORDFREQ_RANKED
cake	4	4.53	3	1	WORDFREQ_RANKED
calcium	7	3.82	1	0	WORDFREQ_RANKED
calf	4	3.71	4	0	WORDFREQ_RANKED
caliber	7	3.65	2	0	WORDFREQ_RANKED
camel	5	3.64	1	0	WORDFREQ_RANKED
camera	6	4.87	2	0	WORDFREQ_RANKED
camp	4	4.79	8	4	WORDFREQ_RANKED
campus	6	4.51	1	0	WORDFREQ_RANKED
canal	5	4.22	3	1	WORDFREQ_RANKED
candle	6	3.88	2	1	WORDFREQ_RANKED
candy	5	4.29	1	1	WORDFREQ_RANKED
cane	4	3.76	3	1	WORDFREQ_RANKED
canon	5	4.11	6	0	WORDFREQ_RANKED
canvas	6	3.96	6	1	WORDFREQ_RANKED
canyon	6	3.96	1	0	WORDFREQ_RANKED
cape	4	4.30	2	0	WORDFREQ_RANKED
capital	7	5.01	6	3	WORDFREQ_RANKED
capsule	7	3.70	7	2	WORDFREQ_RANKED
captain	7	4.89	7	1	WORDFREQ_RANKED
caption	7	3.72	3	1	WORDFREQ_RANKED
caravan	7	3.62	2	1	WORDFREQ_RANKED
carbon	6	4.55	3	0	WORDFREQ_RANKED
card	4	5.04	11	2	WORDFREQ_RANKED
care	4	5.56	6	5	WORDFREQ_RANKED
career	6	5.07	2	1	WORDFREQ_RANKED
cargo	5	4.19	1	0	WORDFREQ_RANKED
carol	5	4.02	2	1	WORDFREQ_RANKED
carrier	7	4.29	11	0	WORDFREQ_RANKED
cart	4	3.98	2	2	WORDFREQ_RANKED
cartoon	7	4.08	2	1	WORDFREQ_RANKED
case	4	5.55	20	2	WORDFREQ_RANKED
casting	7	4.15	4	0	WORDFREQ_RANKED
castle	6	4.45	4	1	WORDFREQ_RANKED
catalog	7	3.91	2	2	WORDFREQ_RANKED
cattle	6	4.15	1	0	WORDFREQ_RANKED
cause	5	5.35	5	2	WORDFREQ_RANKED
caution	7	3.97	4	1	WORDFREQ_RANKED
cavalry	7	3.80	2	0	WORDFREQ_RANKED
cedar	5	3.76	3	0	WORDFREQ_RANKED
ceiling	7	4.18	4	0	WORDFREQ_RANKED
cell	4	4.87	7	0	WORDFREQ_RANKED
cement	6	3.94	5	3	WORDFREQ_RANKED
census	6	4.19	1	1	WORDFREQ_RANKED
cent	4	4.83	2	0	WORDFREQ_RANKED
center	6	5.19	18	5	WORDFREQ_RANKED
century	7	5.02	2	0	WORDFREQ_RANKED
ceramic	7	3.74	1	1	WORDFREQ_RANKED
cereal	6	3.74	3	1	WORDFREQ_RANKED
chain	5	4.65	9	2	WORDFREQ_RANKED
chair	5	4.69	5	2	WORDFREQ_RANKED
chalk	5	3.69	4	1	WORDFREQ_RANKED
chamber	7	4.47	5	1	WORDFREQ_RANKED
chance	6	5.26	5	4	WORDFREQ_RANKED
change	6	5.54	10	10	WORDFREQ_RANKED
channel	7	4.85	8	3	WORDFREQ_RANKED
chaos	5	4.27	3	0	WORDFREQ_RANKED
chap	4	3.61	4	1	WORDFREQ_RANKED
chapter	7	4.65	5	0	WORDFREQ_RANKED
charger	7	3.64	2	0	WORDFREQ_RANKED
charity	7	4.45	5	0	WORDFREQ_RANKED
charm	5	4.12	4	4	WORDFREQ_RANKED
chart	5	4.47	3	3	WORDFREQ_RANKED
chat	4	4.57	3	1	WORDFREQ_RANKED
cheat	5	4.06	5	4	WORDFREQ_RANKED
cheek	5	3.96	4	1	WORDFREQ_RANKED
cheese	6	4.57	2	2	WORDFREQ_RANKED
chef	4	4.23	1	0	WORDFREQ_RANKED
cherry	6	4.18	4	1	WORDFREQ_RANKED
chess	5	3.94	2	0	WORDFREQ_RANKED
chest	5	4.52	4	0	WORDFREQ_RANKED
chew	4	3.66	2	1	WORDFREQ_RANKED
chic	4	3.68	1	1	WORDFREQ_RANKED
chick	5	4.08	2	0	WORDFREQ_RANKED
chicken	7	4.63	4	1	WORDFREQ_RANKED
chief	5	5.11	3	1	WORDFREQ_RANKED
child	5	5.30	4	0	WORDFREQ_RANKED
chili	5	3.73	2	0	WORDFREQ_RANKED
chill	5	4.18	4	3	WORDFREQ_RANKED
chip	4	4.31	9	5	WORDFREQ_RANKED
choice	6	5.08	3	2	WORDFREQ_RANKED
choir	5	3.88	3	1	WORDFREQ_RANKED
chord	5	3.65	2	2	WORDFREQ_RANKED
chorus	6	3.90	5	2	WORDFREQ_RANKED
chunk	5	3.64	2	2	WORDFREQ_RANKED
cinema	6	4.17	2	0	WORDFREQ_RANKED
circle	6	4.55	8	3	WORDFREQ_RANKED
circuit	7	4.47	7	1	WORDFREQ_RANKED
circus	6	3.98	5	0	WORDFREQ_RANKED
citizen	7	4.39	1	0	WORDFREQ_RANKED
city	4	5.61	3	0	WORDFREQ_RANKED
claim	5	4.95	6	5	WORDFREQ_RANKED
clan	4	3.97	1	0	WORDFREQ_RANKED
clarity	7	3.90	2	0	WORDFREQ_RANKED
clash	5	3.97	4	3	WORDFREQ_RANKED
class	5	5.36	8	1	WORDFREQ_RANKED
clause	6	3.99	2	0	WORDFREQ_RANKED
claw	4	3.59	4	4	WORDFREQ_RANKED
clay	4	4.29	3	0	WORDFREQ_RANKED
cleaner	7	3.90	3	0	WORDFREQ_RANKED
clergy	6	3.74	1	0	WORDFREQ_RANKED
clerk	5	4.00	2	1	WORDFREQ_RANKED
client	6	4.54	3	0	WORDFREQ_RANKED
cliff	5	4.10	1	0	WORDFREQ_RANKED
climate	7	4.71	2	0	WORDFREQ_RANKED
clinic	6	4.21	3	0	WORDFREQ_RANKED
clip	4	4.26	6	5	WORDFREQ_RANKED
clock	5	4.43	1	1	WORDFREQ_RANKED
clone	5	3.68	3	1	WORDFREQ_RANKED
closet	6	4.13	4	1	WORDFREQ_RANKED
closing	7	4.46	5	1	WORDFREQ_RANKED
closure	7	4.11	7	1	WORDFREQ_RANKED
cloth	5	4.03	1	0	WORDFREQ_RANKED
clown	5	3.93	2	1	WORDFREQ_RANKED
club	4	5.20	7	4	WORDFREQ_RANKED
clue	4	4.18	2	1	WORDFREQ_RANKED
clutch	6	3.88	7	3	WORDFREQ_RANKED
coach	5	4.96	5	2	WORDFREQ_RANKED
coast	5	4.87	4	1	WORDFREQ_RANKED
coaster	7	3.69	3	0	WORDFREQ_RANKED
coat	4	4.36	3	3	WORDFREQ_RANKED
cocoa	5	3.64	2	0	WORDFREQ_RANKED
coconut	7	3.88	3	0	WORDFREQ_RANKED
code	4	5.08	4	2	WORDFREQ_RANKED
coffee	6	4.86	4	0	WORDFREQ_RANKED
coil	4	3.73	6	3	WORDFREQ_RANKED
collar	6	4.04	9	3	WORDFREQ_RANKED
college	7	5.27	3	0	WORDFREQ_RANKED
colonel	7	4.41	1	0	WORDFREQ_RANKED
colony	6	4.12	5	0	WORDFREQ_RANKED
color	5	4.91	7	7	WORDFREQ_RANKED
column	6	4.33	9	0	WORDFREQ_RANKED
coma	4	3.74	3	0	WORDFREQ_RANKED
comb	4	3.52	5	3	WORDFREQ_RANKED
combo	5	3.80	1	0	WORDFREQ_RANKED
comedy	6	4.51	2	0	WORDFREQ_RANKED
comet	5	3.64	1	0	WORDFREQ_RANKED
comfort	7	4.41	7	2	WORDFREQ_RANKED
command	7	4.70	7	5	WORDFREQ_RANKED
comment	7	4.88	3	3	WORDFREQ_RANKED
company	7	5.60	9	1	WORDFREQ_RANKED
compass	7	3.74	4	3	WORDFREQ_RANKED
complex	7	4.86	4	2	WORDFREQ_RANKED
concept	7	4.77	1	0	WORDFREQ_RANKED
concern	7	4.66	5	2	WORDFREQ_RANKED
cone	4	3.83	4	1	WORDFREQ_RANKED
consent	7	4.36	1	1	WORDFREQ_RANKED
console	7	4.08	4	1	WORDFREQ_RANKED
contact	7	4.99	9	2	WORDFREQ_RANKED
content	7	5.00	7	3	WORDFREQ_RANKED
contest	7	4.53	2	1	WORDFREQ_RANKED
context	7	4.63	2	0	WORDFREQ_RANKED
control	7	5.40	11	9	WORDFREQ_RANKED
convoy	6	3.71	3	1	WORDFREQ_RANKED
cookie	6	4.07	3	0	WORDFREQ_RANKED
cooler	6	3.96	3	0	WORDFREQ_RANKED
cooling	7	4.06	2	0	WORDFREQ_RANKED
copper	6	4.27	5	1	WORDFREQ_RANKED
copy	4	4.77	4	4	WORDFREQ_RANKED
coral	5	3.86	4	1	WORDFREQ_RANKED
cord	4	3.98	4	2	WORDFREQ_RANKED
core	4	4.73	9	1	WORDFREQ_RANKED
cork	4	3.71	4	2	WORDFREQ_RANKED
corn	4	4.19	7	2	WORDFREQ_RANKED
corner	6	4.75	11	3	WORDFREQ_RANKED
cost	4	5.24	3	2	WORDFREQ_RANKED
costume	7	4.18	4	2	WORDFREQ_RANKED
cottage	7	4.00	1	0	WORDFREQ_RANKED
cotton	6	4.35	4	1	WORDFREQ_RANKED
couch	5	4.17	3	1	WORDFREQ_RANKED
council	7	5.08	3	0	WORDFREQ_RANKED
counsel	7	4.16	2	1	WORDFREQ_RANKED
counter	7	4.56	9	4	WORDFREQ_RANKED
country	7	5.48	5	0	WORDFREQ_RANKED
county	6	5.19	2	0	WORDFREQ_RANKED
couple	6	5.19	5	4	WORDFREQ_RANKED
coupon	6	3.86	2	0	WORDFREQ_RANKED
courage	7	4.32	1	0	WORDFREQ_RANKED
courier	7	3.68	1	0	WORDFREQ_RANKED
course	6	5.44	9	4	WORDFREQ_RANKED
cousin	6	4.41	1	0	WORDFREQ_RANKED
cove	4	3.64	2	0	WORDFREQ_RANKED
cowboy	6	3.85	3	0	WORDFREQ_RANKED
crab	4	3.76	5	4	WORDFREQ_RANKED
craft	5	4.30	5	1	WORDFREQ_RANKED
credit	6	5.00	9	4	WORDFREQ_RANKED
creed	5	3.70	2	0	WORDFREQ_RANKED
creep	5	3.84	4	4	WORDFREQ_RANKED
crest	5	3.65	5	2	WORDFREQ_RANKED
crew	4	4.70	4	1	WORDFREQ_RANKED
cricket	7	4.39	2	1	WORDFREQ_RANKED
crisis	6	4.62	2	0	WORDFREQ_RANKED
critic	6	3.95	3	0	WORDFREQ_RANKED
crop	4	4.15	6	6	WORDFREQ_RANKED
crow	4	3.80	3	3	WORDFREQ_RANKED
crown	5	4.56	11	4	WORDFREQ_RANKED
crust	5	3.70	3	1	WORDFREQ_RANKED
crystal	7	4.40	6	0	WORDFREQ_RANKED
cube	4	3.82	5	2	WORDFREQ_RANKED
cuisine	7	3.81	1	0	WORDFREQ_RANKED
culture	7	5.03	7	1	WORDFREQ_RANKED
curb	4	3.79	3	3	WORDFREQ_RANKED
current	7	5.27	3	1	WORDFREQ_RANKED
curtain	7	3.86	2	1	WORDFREQ_RANKED
curve	5	4.14	5	5	WORDFREQ_RANKED
custody	7	4.22	3	0	WORDFREQ_RANKED
custom	6	4.43	4	1	WORDFREQ_RANKED
cutter	6	3.70	6	0	WORDFREQ_RANKED
cutting	7	4.61	10	3	WORDFREQ_RANKED
cycle	5	4.60	6	5	WORDFREQ_RANKED
dairy	5	4.09	1	0	WORDFREQ_RANKED
daisy	5	3.78	1	0	WORDFREQ_RANKED
damage	6	4.90	5	2	WORDFREQ_RANKED
dame	4	3.96	2	0	WORDFREQ_RANKED
dance	5	4.93	4	3	WORDFREQ_RANKED
dancer	6	3.99	2	0	WORDFREQ_RANKED
danger	6	4.59	4	0	WORDFREQ_RANKED
daring	6	3.70	2	2	WORDFREQ_RANKED
dash	4	4.00	6	6	WORDFREQ_RANKED
data	4	5.34	1	0	WORDFREQ_RANKED
date	4	5.22	7	5	WORDFREQ_RANKED
dawn	4	4.27	3	3	WORDFREQ_RANKED
daytime	7	3.66	1	0	WORDFREQ_RANKED
dealer	6	4.19	5	0	WORDFREQ_RANKED
dealing	7	4.60	2	0	WORDFREQ_RANKED
dean	4	4.40	3	0	WORDFREQ_RANKED
debris	6	3.92	1	0	WORDFREQ_RANKED
debt	4	4.69	3	0	WORDFREQ_RANKED
decade	6	4.52	2	0	WORDFREQ_RANKED
decay	5	3.83	5	3	WORDFREQ_RANKED
deck	4	4.41	4	3	WORDFREQ_RANKED
decor	5	3.65	1	0	WORDFREQ_RANKED
deed	4	3.75	2	0	WORDFREQ_RANKED
deer	4	4.12	1	0	WORDFREQ_RANKED
default	7	4.29	4	1	WORDFREQ_RANKED
defeat	6	4.51	2	2	WORDFREQ_RANKED
defect	6	3.68	4	1	WORDFREQ_RANKED
deficit	7	4.06	4	0	WORDFREQ_RANKED
degree	6	4.94	7	0	WORDFREQ_RANKED
delta	5	4.12	3	0	WORDFREQ_RANKED
demo	4	4.06	1	1	WORDFREQ_RANKED
denial	6	3.99	5	0	WORDFREQ_RANKED
density	7	4.33	2	0	WORDFREQ_RANKED
dent	4	3.67	3	1	WORDFREQ_RANKED
dentist	7	3.86	1	0	WORDFREQ_RANKED
deposit	7	4.24	9	3	WORDFREQ_RANKED
depot	5	3.95	2	0	WORDFREQ_RANKED
depth	5	4.55	5	0	WORDFREQ_RANKED
deputy	6	4.55	4	0	WORDFREQ_RANKED
derby	5	4.10	1	0	WORDFREQ_RANKED
descent	7	3.93	6	0	WORDFREQ_RANKED
design	6	5.17	7	6	WORDFREQ_RANKED
desire	6	4.61	3	3	WORDFREQ_RANKED
desk	4	4.43	1	0	WORDFREQ_RANKED
desktop	7	3.93	2	0	WORDFREQ_RANKED
despair	7	3.82	2	1	WORDFREQ_RANKED
dessert	7	3.83	1	0	WORDFREQ_RANKED
destiny	7	4.19	3	0	WORDFREQ_RANKED
detail	6	4.57	5	2	WORDFREQ_RANKED
device	6	4.67	5	0	WORDFREQ_RANKED
diagram	7	3.85	1	1	WORDFREQ_RANKED
dial	4	3.93	4	2	WORDFREQ_RANKED
diamond	7	4.42	6	0	WORDFREQ_RANKED
diary	5	4.09	2	0	WORDFREQ_RANKED
diet	4	4.57	4	2	WORDFREQ_RANKED
digit	5	3.77	3	0	WORDFREQ_RANKED
dignity	7	4.02	3	0	WORDFREQ_RANKED
dilemma	7	3.73	1	0	WORDFREQ_RANKED
dime	4	3.66	2	0	WORDFREQ_RANKED
dinner	6	4.78	2	0	WORDFREQ_RANKED
dioxide	7	3.81	1	0	WORDFREQ_RANKED
diploma	7	3.76	1	0	WORDFREQ_RANKED
dirt	4	4.24	4	1	WORDFREQ_RANKED
disc	4	4.13	4	0	WORDFREQ_RANKED
disco	5	3.78	2	1	WORDFREQ_RANKED
dish	4	4.21	6	2	WORDFREQ_RANKED
disk	4	4.01	4	1	WORDFREQ_RANKED
dislike	7	3.89	2	1	WORDFREQ_RANKED
display	7	4.63	6	2	WORDFREQ_RANKED
dispute	7	4.27	2	2	WORDFREQ_RANKED
dive	4	4.12	3	3	WORDFREQ_RANKED
diving	6	4.02	2	0	WORDFREQ_RANKED
dock	4	3.99	7	5	WORDFREQ_RANKED
doctor	6	4.90	3	3	WORDFREQ_RANKED
dodge	5	3.93	3	3	WORDFREQ_RANKED
doll	4	4.06	2	0	WORDFREQ_RANKED
dollar	6	4.59	4	0	WORDFREQ_RANKED
dolphin	7	3.67	2	0	WORDFREQ_RANKED
domain	6	4.31	5	0	WORDFREQ_RANKED
dome	4	3.90	4	0	WORDFREQ_RANKED
donor	5	3.92	2	0	WORDFREQ_RANKED
door	4	5.08	5	0	WORDFREQ_RANKED
dorm	4	3.58	1	0	WORDFREQ_RANKED
dose	4	4.20	4	2	WORDFREQ_RANKED
doubt	5	4.90	2	2	WORDFREQ_RANKED
dough	5	3.86	2	0	WORDFREQ_RANKED
dove	4	3.67	4	0	WORDFREQ_RANKED
dozen	5	4.35	1	1	WORDFREQ_RANKED
draft	5	4.61	11	3	WORDFREQ_RANKED
dragon	6	4.41	3	0	WORDFREQ_RANKED
drain	5	4.07	4	4	WORDFREQ_RANKED
drama	5	4.67	4	0	WORDFREQ_RANKED
drawer	6	3.78	3	0	WORDFREQ_RANKED
drawing	7	4.58	6	0	WORDFREQ_RANKED
dream	5	4.91	6	2	WORDFREQ_RANKED
drink	5	4.90	5	5	WORDFREQ_RANKED
drip	4	3.58	3	2	WORDFREQ_RANKED
driver	6	4.75	5	0	WORDFREQ_RANKED
driving	7	4.90	2	2	WORDFREQ_RANKED
drone	5	4.00	5	2	WORDFREQ_RANKED
drought	7	3.90	2	0	WORDFREQ_RANKED
drum	4	4.11	6	3	WORDFREQ_RANKED
drummer	7	3.68	1	0	WORDFREQ_RANKED
duchess	7	3.76	1	0	WORDFREQ_RANKED
duck	4	4.21	4	4	WORDFREQ_RANKED
duct	4	3.58	3	0	WORDFREQ_RANKED
dude	4	4.81	2	0	WORDFREQ_RANKED
duke	4	4.45	2	0	WORDFREQ_RANKED
dummy	5	3.64	4	2	WORDFREQ_RANKED
duty	4	4.71	3	0	WORDFREQ_RANKED
dwarf	5	3.75	3	2	WORDFREQ_RANKED
dynasty	7	3.87	1	0	WORDFREQ_RANKED
eagle	5	4.13	4	2	WORDFREQ_RANKED
earl	4	4.18	1	0	WORDFREQ_RANKED
earth	5	5.06	7	2	WORDFREQ_RANKED
ease	4	4.34	5	4	WORDFREQ_RANKED
east	4	5.16	3	2	WORDFREQ_RANKED
echo	4	4.04	5	3	WORDFREQ_RANKED
ecology	7	3.74	2	0	WORDFREQ_RANKED
economy	7	4.87	4	0	WORDFREQ_RANKED
edge	4	4.74	6	4	WORDFREQ_RANKED
edition	7	4.80	4	0	WORDFREQ_RANKED
editor	6	4.62	2	0	WORDFREQ_RANKED
effect	6	5.02	6	2	WORDFREQ_RANKED
effort	6	4.92	4	0	WORDFREQ_RANKED
elbow	5	3.84	5	2	WORDFREQ_RANKED
elder	5	4.06	3	1	WORDFREQ_RANKED
eldest	6	3.69	1	1	WORDFREQ_RANKED
element	7	4.46	7	0	WORDFREQ_RANKED
elite	5	4.40	1	1	WORDFREQ_RANKED
embassy	7	4.13	2	0	WORDFREQ_RANKED
embrace	7	4.16	3	3	WORDFREQ_RANKED
emotion	7	4.19	1	0	WORDFREQ_RANKED
empathy	7	3.72	1	0	WORDFREQ_RANKED
emperor	7	4.25	4	0	WORDFREQ_RANKED
empire	6	4.54	4	0	WORDFREQ_RANKED
ending	6	4.68	5	0	WORDFREQ_RANKED
enemy	5	4.70	4	0	WORDFREQ_RANKED
energy	6	5.23	6	0	WORDFREQ_RANKED
engine	6	4.84	4	0	WORDFREQ_RANKED
entity	6	4.12	1	0	WORDFREQ_RANKED
entry	5	4.67	6	0	WORDFREQ_RANKED
envy	4	3.84	2	2	WORDFREQ_RANKED
enzyme	6	3.82	1	0	WORDFREQ_RANKED
episode	7	4.97	4	0	WORDFREQ_RANKED
equity	6	4.30	3	0	WORDFREQ_RANKED
erosion	7	3.64	4	0	WORDFREQ_RANKED
error	5	4.55	7	0	WORDFREQ_RANKED
escape	6	4.64	8	7	WORDFREQ_RANKED
escort	6	4.00	4	2	WORDFREQ_RANKED
essay	5	4.23	2	2	WORDFREQ_RANKED
essence	7	4.03	4	0	WORDFREQ_RANKED
estate	6	4.82	3	0	WORDFREQ_RANKED
esteem	6	3.90	3	2	WORDFREQ_RANKED
euro	4	4.09	1	0	WORDFREQ_RANKED
evening	7	4.86	3	0	WORDFREQ_RANKED
event	5	5.18	4	0	WORDFREQ_RANKED
exam	4	4.26	1	0	WORDFREQ_RANKED
example	7	5.27	6	0	WORDFREQ_RANKED
excess	6	4.21	4	1	WORDFREQ_RANKED
exile	5	3.84	3	1	WORDFREQ_RANKED
exit	4	4.35	3	3	WORDFREQ_RANKED
expense	7	4.23	3	1	WORDFREQ_RANKED
expo	4	3.64	1	0	WORDFREQ_RANKED
extent	6	4.47	2	0	WORDFREQ_RANKED
fabric	6	4.08	2	0	WORDFREQ_RANKED
face	4	5.45	13	9	WORDFREQ_RANKED
facial	6	4.10	2	2	WORDFREQ_RANKED
fact	4	5.41	4	0	WORDFREQ_RANKED
faction	7	3.79	2	0	WORDFREQ_RANKED
factor	6	4.67	7	3	WORDFREQ_RANKED
factory	7	4.55	1	0	WORDFREQ_RANKED
faculty	7	4.32	2	0	WORDFREQ_RANKED
failure	7	4.72	7	0	WORDFREQ_RANKED
falcon	6	3.74	1	1	WORDFREQ_RANKED
fallout	7	3.69	2	0	WORDFREQ_RANKED
fame	4	4.34	2	0	WORDFREQ_RANKED
family	6	5.66	8	0	WORDFREQ_RANKED
fancy	5	4.35	3	3	WORDFREQ_RANKED
fantasy	7	4.52	3	1	WORDFREQ_RANKED
fare	4	3.94	4	2	WORDFREQ_RANKED
farming	7	4.21	2	1	WORDFREQ_RANKED
fashion	7	4.82	4	1	WORDFREQ_RANKED
fate	4	4.36	3	1	WORDFREQ_RANKED
father	6	5.26	5	1	WORDFREQ_RANKED
fatigue	7	3.86	4	2	WORDFREQ_RANKED
fault	5	4.64	7	1	WORDFREQ_RANKED
favor	5	4.58	5	4	WORDFREQ_RANKED
feast	5	3.95	4	3	WORDFREQ_RANKED
feat	4	3.99	1	0	WORDFREQ_RANKED
feature	7	4.82	6	2	WORDFREQ_RANKED
feeding	7	4.28	2	0	WORDFREQ_RANKED
feeling	7	5.13	6	0	WORDFREQ_RANKED
fellow	6	4.76	7	0	WORDFREQ_RANKED
fiat	4	3.63	1	0	WORDFREQ_RANKED
fiber	5	4.06	5	0	WORDFREQ_RANKED
fiction	7	4.44	2	0	WORDFREQ_RANKED
field	5	5.24	17	4	WORDFREQ_RANKED
fighter	7	4.32	3	0	WORDFREQ_RANKED
figure	6	5.07	13	5	WORDFREQ_RANKED
filing	6	4.05	4	0	WORDFREQ_RANKED
filling	7	4.19	6	0	WORDFREQ_RANKED
film	4	5.20	5	2	WORDFREQ_RANKED
finale	6	4.04	3	0	WORDFREQ_RANKED
finance	7	4.65	3	2	WORDFREQ_RANKED
finding	7	4.85	3	0	WORDFREQ_RANKED
finish	6	4.91	9	6	WORDFREQ_RANKED
fishing	7	4.47	2	0	WORDFREQ_RANKED
fist	4	3.89	1	0	WORDFREQ_RANKED
fitness	7	4.39	3	0	WORDFREQ_RANKED
fitting	7	4.10	4	2	WORDFREQ_RANKED
fixing	6	4.09	4	0	WORDFREQ_RANKED
fixture	7	3.67	4	0	WORDFREQ_RANKED
flag	4	4.58	7	5	WORDFREQ_RANKED
flank	5	3.64	4	1	WORDFREQ_RANKED
flare	5	3.64	11	4	WORDFREQ_RANKED
flash	5	4.45	10	9	WORDFREQ_RANKED
flavor	6	4.04	3	1	WORDFREQ_RANKED
flaw	4	3.60	3	1	WORDFREQ_RANKED
fleet	5	4.33	4	3	WORDFREQ_RANKED
flesh	5	4.20	3	1	WORDFREQ_RANKED
flight	6	4.86	9	3	WORDFREQ_RANKED
flock	5	3.69	5	2	WORDFREQ_RANKED
flood	5	4.34	6	4	WORDFREQ_RANKED
floor	5	4.94	10	2	WORDFREQ_RANKED
flora	5	3.70	2	0	WORDFREQ_RANKED
flow	4	4.68	7	7	WORDFREQ_RANKED
flower	6	4.42	3	1	WORDFREQ_RANKED
flux	4	3.57	8	3	WORDFREQ_RANKED
foam	4	3.78	2	1	WORDFREQ_RANKED
focus	5	5.00	7	5	WORDFREQ_RANKED
foil	4	3.76	5	3	WORDFREQ_RANKED
fold	4	4.08	7	5	WORDFREQ_RANKED
folder	6	3.74	2	0	WORDFREQ_RANKED
folk	4	4.22	4	0	WORDFREQ_RANKED
font	4	3.80	2	0	WORDFREQ_RANKED
food	4	5.40	3	0	WORDFREQ_RANKED
foot	4	4.87	11	3	WORDFREQ_RANKED
footage	7	4.31	2	0	WORDFREQ_RANKED
force	5	5.23	10	8	WORDFREQ_RANKED
forest	6	4.70	2	1	WORDFREQ_RANKED
fork	4	4.03	5	4	WORDFREQ_RANKED
form	4	5.31	16	7	WORDFREQ_RANKED
formula	7	4.45	7	0	WORDFREQ_RANKED
fortune	7	4.30	4	0	WORDFREQ_RANKED
forum	5	4.38	2	0	WORDFREQ_RANKED
fossil	6	3.99	2	1	WORDFREQ_RANKED
fourth	6	4.83	3	2	WORDFREQ_RANKED
frame	5	4.58	12	6	WORDFREQ_RANKED
freedom	7	4.86	2	0	WORDFREQ_RANKED
freezer	7	3.66	1	0	WORDFREQ_RANKED
freight	7	3.99	3	2	WORDFREQ_RANKED
fridge	6	4.02	1	0	WORDFREQ_RANKED
friend	6	5.37	4	0	WORDFREQ_RANKED
fringe	6	3.86	6	2	WORDFREQ_RANKED
frog	4	3.89	3	1	WORDFREQ_RANKED
front	5	5.28	10	3	WORDFREQ_RANKED
fruit	5	4.57	3	2	WORDFREQ_RANKED
funding	7	4.63	2	0	WORDFREQ_RANKED
furnace	7	3.62	1	0	WORDFREQ_RANKED
fury	4	3.91	3	0	WORDFREQ_RANKED
fusion	6	4.02	7	0	WORDFREQ_RANKED
fuss	4	3.62	4	2	WORDFREQ_RANKED
gala	4	3.67	1	0	WORDFREQ_RANKED
galaxy	6	4.28	3	0	WORDFREQ_RANKED
gale	4	3.62	1	0	WORDFREQ_RANKED
gallery	7	4.49	7	0	WORDFREQ_RANKED
gallon	6	3.75	2	0	WORDFREQ_RANKED
gamble	6	3.79	2	2	WORDFREQ_RANKED
game	4	5.72	11	3	WORDFREQ_RANKED
garage	6	4.25	2	1	WORDFREQ_RANKED
garbage	7	4.18	3	0	WORDFREQ_RANKED
garden	6	4.77	3	2	WORDFREQ_RANKED
garlic	6	3.92	2	0	WORDFREQ_RANKED
gate	4	4.47	4	3	WORDFREQ_RANKED
gateway	7	3.83	1	0	WORDFREQ_RANKED
gaze	4	3.70	1	1	WORDFREQ_RANKED
gear	4	4.46	4	1	WORDFREQ_RANKED
geek	4	3.61	2	1	WORDFREQ_RANKED
gender	6	4.59	2	0	WORDFREQ_RANKED
gene	4	4.36	1	0	WORDFREQ_RANKED
genius	6	4.33	5	0	WORDFREQ_RANKED
genome	6	3.70	1	0	WORDFREQ_RANKED
genre	5	4.17	3	0	WORDFREQ_RANKED
geology	7	3.76	1	0	WORDFREQ_RANKED
gesture	7	3.90	3	1	WORDFREQ_RANKED
ghetto	6	3.69	3	0	WORDFREQ_RANKED
ghost	5	4.42	4	3	WORDFREQ_RANKED
giant	5	4.62	7	1	WORDFREQ_RANKED
gift	4	4.78	3	2	WORDFREQ_RANKED
gill	4	3.63	4	0	WORDFREQ_RANKED
ginger	6	3.93	4	2	WORDFREQ_RANKED
girl	4	5.38	5	0	WORDFREQ_RANKED
glass	5	4.85	7	5	WORDFREQ_RANKED
glen	4	3.87	1	0	WORDFREQ_RANKED
glimpse	7	3.81	3	1	WORDFREQ_RANKED
globe	5	4.28	3	0	WORDFREQ_RANKED
glory	5	4.36	3	1	WORDFREQ_RANKED
glove	5	3.73	3	0	WORDFREQ_RANKED
glow	4	3.91	7	5	WORDFREQ_RANKED
glucose	7	3.75	1	0	WORDFREQ_RANKED
goal	4	5.06	4	0	WORDFREQ_RANKED
gold	4	5.17	5	2	WORDFREQ_RANKED
golf	4	4.56	1	1	WORDFREQ_RANKED
goodbye	7	4.30	1	0	WORDFREQ_RANKED
goose	5	3.84	3	3	WORDFREQ_RANKED
gorilla	7	3.62	1	0	WORDFREQ_RANKED
gospel	6	4.18	4	0	WORDFREQ_RANKED
gossip	6	3.88	3	2	WORDFREQ_RANKED
gown	4	3.75	5	1	WORDFREQ_RANKED
grace	5	4.56	7	2	WORDFREQ_RANKED
grade	5	4.80	9	4	WORDFREQ_RANKED
grain	5	4.18	11	4	WORDFREQ_RANKED
grammar	7	4.17	1	0	WORDFREQ_RANKED
grandma	7	4.11	1	0	WORDFREQ_RANKED
grandpa	7	3.80	1	0	WORDFREQ_RANKED
granite	7	3.86	2	0	WORDFREQ_RANKED
grape	5	3.70	3	0	WORDFREQ_RANKED
graph	5	4.05	3	2	WORDFREQ_RANKED
grasp	5	3.97	4	2	WORDFREQ_RANKED
gravity	7	4.21	3	0	WORDFREQ_RANKED
grease	6	3.72	2	1	WORDFREQ_RANKED
greed	5	3.73	2	0	WORDFREQ_RANKED
grid	4	4.18	5	0	WORDFREQ_RANKED
grief	5	4.08	2	0	WORDFREQ_RANKED
grill	5	3.84	2	2	WORDFREQ_RANKED
grin	4	3.59	1	1	WORDFREQ_RANKED
grip	4	4.11	7	3	WORDFREQ_RANKED
grocery	7	4.06	2	0	WORDFREQ_RANKED
groove	6	3.74	3	2	WORDFREQ_RANKED
ground	6	5.15	11	11	WORDFREQ_RANKED
group	5	5.57	3	2	WORDFREQ_RANKED
grove	5	3.94	2	0	WORDFREQ_RANKED
growth	6	5.03	7	0	WORDFREQ_RANKED
guard	5	4.73	10	4	WORDFREQ_RANKED
guest	5	4.58	3	0	WORDFREQ_RANKED
guide	5	4.75	6	5	WORDFREQ_RANKED
guild	5	3.93	1	0	WORDFREQ_RANKED
guilt	5	4.13	2	0	WORDFREQ_RANKED
guitar	6	4.48	1	0	WORDFREQ_RANKED
gulf	4	4.28	3	0	WORDFREQ_RANKED
habit	5	4.24	6	1	WORDFREQ_RANKED
habitat	7	3.98	1	0	WORDFREQ_RANKED
hack	4	4.05	8	8	WORDFREQ_RANKED
hair	4	5.08	6	0	WORDFREQ_RANKED
haircut	7	3.70	2	0	WORDFREQ_RANKED
hall	4	4.87	8	0	WORDFREQ_RANKED
hallway	7	3.72	1	0	WORDFREQ_RANKED
halo	4	3.75	3	0	WORDFREQ_RANKED
hammer	6	4.16	8	2	WORDFREQ_RANKED
hand	4	5.41	14	2	WORDFREQ_RANKED
handful	7	4.11	2	0	WORDFREQ_RANKED
hare	4	3.66	2	1	WORDFREQ_RANKED
harmony	7	4.11	5	0	WORDFREQ_RANKED
harvest	7	4.03	4	2	WORDFREQ_RANKED
hatred	6	4.05	1	0	WORDFREQ_RANKED
haul	4	3.88	2	2	WORDFREQ_RANKED
haven	5	4.13	2	0	WORDFREQ_RANKED
hawk	4	3.81	3	3	WORDFREQ_RANKED
hazard	6	3.98	3	3	WORDFREQ_RANKED
head	4	5.51	33	9	WORDFREQ_RANKED
header	6	3.88	7	0	WORDFREQ_RANKED
heading	7	4.48	3	0	WORDFREQ_RANKED
health	6	5.44	2	0	WORDFREQ_RANKED
heap	4	3.59	3	3	WORDFREQ_RANKED
heart	5	5.31	10	0	WORDFREQ_RANKED
heat	4	4.86	7	4	WORDFREQ_RANKED
heath	5	3.76	2	0	WORDFREQ_RANKED
heating	7	4.18	2	0	WORDFREQ_RANKED
heel	4	3.84	6	5	WORDFREQ_RANKED
height	6	4.53	4	0	WORDFREQ_RANKED
heir	4	3.89	2	0	WORDFREQ_RANKED
helm	4	3.65	2	1	WORDFREQ_RANKED
helmet	6	4.02	2	0	WORDFREQ_RANKED
herb	4	3.77	2	0	WORDFREQ_RANKED
herd	4	3.77	3	3	WORDFREQ_RANKED
hero	4	4.68	5	0	WORDFREQ_RANKED
highway	7	4.49	1	0	WORDFREQ_RANKED
hike	4	3.95	3	2	WORDFREQ_RANKED
hill	4	4.82	3	1	WORDFREQ_RANKED
hind	4	3.50	2	1	WORDFREQ_RANKED
hint	4	4.07	5	1	WORDFREQ_RANKED
history	7	5.39	5	0	WORDFREQ_RANKED
hive	4	3.50	3	3	WORDFREQ_RANKED
hobby	5	3.94	3	0	WORDFREQ_RANKED
hockey	6	4.42	2	0	WORDFREQ_RANKED
holder	6	4.21	3	0	WORDFREQ_RANKED
holding	7	4.89	2	0	WORDFREQ_RANKED
hole	4	4.66	8	2	WORDFREQ_RANKED
holiday	7	4.66	2	1	WORDFREQ_RANKED
holy	4	4.88	1	1	WORDFREQ_RANKED
home	4	5.81	9	8	WORDFREQ_RANKED
honesty	7	3.99	2	0	WORDFREQ_RANKED
honey	5	4.37	2	2	WORDFREQ_RANKED
honor	5	4.69	4	3	WORDFREQ_RANKED
hooker	6	3.71	3	0	WORDFREQ_RANKED
hope	4	5.44	5	3	WORDFREQ_RANKED
horizon	7	4.07	4	0	WORDFREQ_RANKED
hormone	7	3.82	1	0	WORDFREQ_RANKED
horn	4	4.14	11	1	WORDFREQ_RANKED
horror	6	4.43	3	0	WORDFREQ_RANKED
horse	5	4.76	5	1	WORDFREQ_RANKED
hose	4	3.73	3	1	WORDFREQ_RANKED
host	4	4.77	9	1	WORDFREQ_RANKED
hotel	5	4.95	1	0	WORDFREQ_RANKED
hour	4	5.18	4	0	WORDFREQ_RANKED
house	5	5.71	12	2	WORDFREQ_RANKED
housing	7	4.77	3	0	WORDFREQ_RANKED
hulk	4	3.72	2	1	WORDFREQ_RANKED
hull	4	4.06	3	1	WORDFREQ_RANKED
humor	5	4.19	6	1	WORDFREQ_RANKED
hunter	6	4.37	3	0	WORDFREQ_RANKED
hunting	7	4.42	3	0	WORDFREQ_RANKED
hurry	5	4.14	3	3	WORDFREQ_RANKED
husband	7	5.00	1	1	WORDFREQ_RANKED
hybrid	6	4.11	4	1	WORDFREQ_RANKED
hygiene	7	3.79	2	0	WORDFREQ_RANKED
hype	4	4.03	1	1	WORDFREQ_RANKED
icon	4	4.16	3	0	WORDFREQ_RANKED
idea	4	5.36	5	0	WORDFREQ_RANKED
idol	4	3.94	3	0	WORDFREQ_RANKED
image	5	4.94	9	2	WORDFREQ_RANKED
imagery	7	3.83	1	0	WORDFREQ_RANKED
imaging	7	3.93	2	0	WORDFREQ_RANKED
imam	4	3.50	1	0	WORDFREQ_RANKED
impact	6	4.92	4	2	WORDFREQ_RANKED
import	6	4.10	5	3	WORDFREQ_RANKED
impulse	7	3.72	6	0	WORDFREQ_RANKED
inch	4	4.49	2	1	WORDFREQ_RANKED
income	6	4.97	1	0	WORDFREQ_RANKED
index	5	4.57	5	3	WORDFREQ_RANKED
indie	5	4.00	2	1	WORDFREQ_RANKED
infant	6	3.99	1	0	WORDFREQ_RANKED
inning	6	3.83	1	0	WORDFREQ_RANKED
input	5	4.35	4	1	WORDFREQ_RANKED
inquiry	7	4.25	3	0	WORDFREQ_RANKED
insect	6	3.76	2	0	WORDFREQ_RANKED
insert	6	4.01	4	4	WORDFREQ_RANKED
insider	7	3.77	1	0	WORDFREQ_RANKED
insight	7	4.19	4	0	WORDFREQ_RANKED
insulin	7	3.81	1	0	WORDFREQ_RANKED
insult	6	3.99	2	1	WORDFREQ_RANKED
intake	6	3.98	3	0	WORDFREQ_RANKED
intent	6	4.28	2	1	WORDFREQ_RANKED
interim	7	4.00	1	1	WORDFREQ_RANKED
intro	5	3.81	2	0	WORDFREQ_RANKED
iris	4	3.76	3	0	WORDFREQ_RANKED
iron	4	4.74	4	2	WORDFREQ_RANKED
irony	5	3.86	3	0	WORDFREQ_RANKED
island	6	5.01	2	0	WORDFREQ_RANKED
isle	4	3.83	1	0	WORDFREQ_RANKED
issue	5	5.23	11	5	WORDFREQ_RANKED
item	4	4.57	5	1	WORDFREQ_RANKED
ivory	5	3.85	2	0	WORDFREQ_RANKED
jack	4	4.82	11	2	WORDFREQ_RANKED
jacket	6	4.32	5	2	WORDFREQ_RANKED
jade	4	3.78	4	3	WORDFREQ_RANKED
jazz	4	4.31	3	2	WORDFREQ_RANKED
jean	4	4.36	1	0	WORDFREQ_RANKED
jelly	5	3.77	3	1	WORDFREQ_RANKED
jewel	5	3.68	2	1	WORDFREQ_RANKED
jewelry	7	4.12	1	0	WORDFREQ_RANKED
joke	4	4.68	4	2	WORDFREQ_RANKED
joker	5	3.74	4	0	WORDFREQ_RANKED
journal	7	4.77	5	0	WORDFREQ_RANKED
juice	5	4.36	4	0	WORDFREQ_RANKED
jumper	6	3.70	8	0	WORDFREQ_RANKED
jungle	6	4.12	3	0	WORDFREQ_RANKED
junior	6	4.49	3	3	WORDFREQ_RANKED
junk	4	4.03	2	1	WORDFREQ_RANKED
jury	4	4.49	2	0	WORDFREQ_RANKED
justice	7	4.97	3	0	WORDFREQ_RANKED
karma	5	3.88	1	0	WORDFREQ_RANKED
keeper	6	4.02	2	0	WORDFREQ_RANKED
kidney	6	4.03	1	0	WORDFREQ_RANKED
king	4	5.17	8	0	WORDFREQ_RANKED
kingdom	7	4.62	6	0	WORDFREQ_RANKED
kiss	4	4.58	4	2	WORDFREQ_RANKED
kitchen	7	4.65	1	0	WORDFREQ_RANKED
kite	4	3.55	4	4	WORDFREQ_RANKED
knee	4	4.33	3	0	WORDFREQ_RANKED
knife	5	4.41	3	1	WORDFREQ_RANKED
knight	6	4.28	2	1	WORDFREQ_RANKED
knit	4	3.66	3	3	WORDFREQ_RANKED
knot	4	3.72	7	3	WORDFREQ_RANKED
labor	5	4.77	5	3	WORDFREQ_RANKED
ladder	6	4.03	3	1	WORDFREQ_RANKED
lake	4	4.83	3	0	WORDFREQ_RANKED
lamb	4	4.02	4	1	WORDFREQ_RANKED
lamp	4	4.05	2	0	WORDFREQ_RANKED
land	4	5.22	10	7	WORDFREQ_RANKED
landing	7	4.40	4	0	WORDFREQ_RANKED
lane	4	4.57	2	0	WORDFREQ_RANKED
laptop	6	4.23	1	0	WORDFREQ_RANKED
laser	5	4.20	1	0	WORDFREQ_RANKED
laugh	5	4.66	3	1	WORDFREQ_RANKED
laundry	7	4.06	2	0	WORDFREQ_RANKED
lava	4	3.73	1	0	WORDFREQ_RANKED
lawn	4	3.98	1	0	WORDFREQ_RANKED
lawyer	6	4.67	1	0	WORDFREQ_RANKED
layer	5	4.40	5	1	WORDFREQ_RANKED
layout	6	4.08	2	0	WORDFREQ_RANKED
lead	4	5.20	17	14	WORDFREQ_RANKED
leader	6	4.95	2	0	WORDFREQ_RANKED
leaf	4	4.22	3	3	WORDFREQ_RANKED
league	6	5.13	3	1	WORDFREQ_RANKED
leak	4	4.09	5	4	WORDFREQ_RANKED
leap	4	3.94	4	4	WORDFREQ_RANKED
leather	7	4.35	1	1	WORDFREQ_RANKED
lecture	7	4.14	3	2	WORDFREQ_RANKED
left	4	5.62	5	5	WORDFREQ_RANKED
legacy	6	4.37	1	0	WORDFREQ_RANKED
legend	6	4.44	2	0	WORDFREQ_RANKED
legion	6	3.86	4	1	WORDFREQ_RANKED
leisure	7	3.92	2	0	WORDFREQ_RANKED
lemon	5	4.10	5	0	WORDFREQ_RANKED
length	6	4.77	5	0	WORDFREQ_RANKED
lens	4	4.17	4	0	WORDFREQ_RANKED
leone	5	3.64	1	0	WORDFREQ_RANKED
lesson	6	4.47	4	0	WORDFREQ_RANKED
letter	6	4.95	5	3	WORDFREQ_RANKED
lever	5	3.64	3	1	WORDFREQ_RANKED
levy	4	3.85	2	2	WORDFREQ_RANKED
liberty	7	4.34	5	0	WORDFREQ_RANKED
library	7	4.86	5	0	WORDFREQ_RANKED
license	7	4.52	4	1	WORDFREQ_RANKED
life	4	5.89	14	0	WORDFREQ_RANKED
lighter	7	4.09	3	1	WORDFREQ_RANKED
lily	4	3.95	1	0	WORDFREQ_RANKED
limb	4	3.70	6	0	WORDFREQ_RANKED
lime	4	3.86	6	2	WORDFREQ_RANKED
limit	5	4.70	6	3	WORDFREQ_RANKED
line	4	5.49	30	6	WORDFREQ_RANKED
liner	5	3.75	4	0	WORDFREQ_RANKED
lineup	6	4.04	3	0	WORDFREQ_RANKED
ling	4	3.51	5	0	WORDFREQ_RANKED
lining	6	3.88	4	0	WORDFREQ_RANKED
link	4	4.99	9	4	WORDFREQ_RANKED
listing	7	4.32	2	0	WORDFREQ_RANKED
litter	6	3.71	4	3	WORDFREQ_RANKED
liver	5	4.18	4	1	WORDFREQ_RANKED
load	4	4.58	9	5	WORDFREQ_RANKED
loading	7	4.10	5	0	WORDFREQ_RANKED
loan	4	4.68	2	1	WORDFREQ_RANKED
lobby	5	4.03	3	1	WORDFREQ_RANKED
lobster	7	3.65	2	0	WORDFREQ_RANKED
locker	6	3.95	3	0	WORDFREQ_RANKED
lodge	5	4.08	5	4	WORDFREQ_RANKED
loft	4	3.51	4	4	WORDFREQ_RANKED
logic	5	4.36	5	0	WORDFREQ_RANKED
logo	4	4.28	1	0	WORDFREQ_RANKED
loop	4	4.29	10	5	WORDFREQ_RANKED
lore	4	3.55	1	0	WORDFREQ_RANKED
loss	4	5.07	8	0	WORDFREQ_RANKED
lounge	6	3.92	2	2	WORDFREQ_RANKED
love	4	5.82	6	4	WORDFREQ_RANKED
lover	5	4.26	3	0	WORDFREQ_RANKED
loyalty	7	4.17	3	0	WORDFREQ_RANKED
luck	4	4.91	3	0	WORDFREQ_RANKED
luggage	7	3.80	1	0	WORDFREQ_RANKED
lump	4	3.71	4	2	WORDFREQ_RANKED
lung	4	4.10	1	0	WORDFREQ_RANKED
lure	4	3.67	3	1	WORDFREQ_RANKED
luxury	6	4.35	3	0	WORDFREQ_RANKED
machine	7	4.90	6	2	WORDFREQ_RANKED
macro	5	3.71	1	1	WORDFREQ_RANKED
madame	6	3.80	1	0	WORDFREQ_RANKED
madness	7	3.97	5	0	WORDFREQ_RANKED
magic	5	4.76	2	1	WORDFREQ_RANKED
magnet	6	3.73	2	0	WORDFREQ_RANKED
maid	4	3.86	2	0	WORDFREQ_RANKED
maiden	6	3.82	2	1	WORDFREQ_RANKED
mail	4	4.72	5	2	WORDFREQ_RANKED
majesty	7	4.05	1	0	WORDFREQ_RANKED
makeup	6	4.39	3	0	WORDFREQ_RANKED
making	6	5.54	3	0	WORDFREQ_RANKED
mall	4	4.29	2	0	WORDFREQ_RANKED
manager	7	4.97	2	0	WORDFREQ_RANKED
mandate	7	3.97	3	3	WORDFREQ_RANKED
mankind	7	3.88	1	0	WORDFREQ_RANKED
manner	6	4.55	3	0	WORDFREQ_RANKED
manor	5	3.81	2	0	WORDFREQ_RANKED
mansion	7	4.02	2	0	WORDFREQ_RANKED
maple	5	3.86	2	0	WORDFREQ_RANKED
mapping	7	3.88	3	0	WORDFREQ_RANKED
marble	6	3.96	3	1	WORDFREQ_RANKED
mare	4	3.60	2	0	WORDFREQ_RANKED
margin	6	4.27	6	0	WORDFREQ_RANKED
marina	6	3.84	1	0	WORDFREQ_RANKED
marker	6	3.87	3	0	WORDFREQ_RANKED
market	6	5.29	5	4	WORDFREQ_RANKED
marking	7	3.95	4	0	WORDFREQ_RANKED
mart	4	3.69	1	0	WORDFREQ_RANKED
mass	4	4.87	6	2	WORDFREQ_RANKED
mast	4	3.52	4	0	WORDFREQ_RANKED
master	6	4.93	10	5	WORDFREQ_RANKED
match	5	5.13	9	9	WORDFREQ_RANKED
mate	4	4.55	10	3	WORDFREQ_RANKED
math	4	4.45	1	0	WORDFREQ_RANKED
matrix	6	4.07	6	0	WORDFREQ_RANKED
matter	6	5.38	6	1	WORDFREQ_RANKED
maximum	7	4.60	3	1	WORDFREQ_RANKED
maze	4	3.65	2	0	WORDFREQ_RANKED
meal	4	4.48	3	0	WORDFREQ_RANKED
meaning	7	4.87	2	1	WORDFREQ_RANKED
measure	7	4.65	9	4	WORDFREQ_RANKED
meat	4	4.63	3	0	WORDFREQ_RANKED
medal	5	4.39	1	0	WORDFREQ_RANKED
medium	6	4.61	11	2	WORDFREQ_RANKED
meeting	7	5.15	6	0	WORDFREQ_RANKED
melody	6	3.81	2	0	WORDFREQ_RANKED
member	6	5.18	5	0	WORDFREQ_RANKED
memo	4	3.81	1	0	WORDFREQ_RANKED
memoir	6	3.77	2	0	WORDFREQ_RANKED
memory	6	4.81	5	0	WORDFREQ_RANKED
mention	7	4.73	3	3	WORDFREQ_RANKED
mentor	6	3.93	1	1	WORDFREQ_RANKED
menu	4	4.26	4	0	WORDFREQ_RANKED
mercy	5	4.25	5	0	WORDFREQ_RANKED
merger	6	3.97	2	0	WORDFREQ_RANKED
merit	5	4.08	2	1	WORDFREQ_RANKED
mesh	4	3.75	5	4	WORDFREQ_RANKED
mess	4	4.57	6	2	WORDFREQ_RANKED
metal	5	4.82	2	2	WORDFREQ_RANKED
meter	5	4.09	4	2	WORDFREQ_RANKED
method	6	4.80	2	0	WORDFREQ_RANKED
metric	6	3.88	3	2	WORDFREQ_RANKED
metro	5	4.18	1	0	WORDFREQ_RANKED
mile	4	4.59	8	0	WORDFREQ_RANKED
mileage	7	3.64	3	0	WORDFREQ_RANKED
militia	7	3.88	2	0	WORDFREQ_RANKED
milk	4	4.66	3	3	WORDFREQ_RANKED
milo	4	3.56	1	0	WORDFREQ_RANKED
mind	4	5.41	7	6	WORDFREQ_RANKED
mindset	7	3.86	1	0	WORDFREQ_RANKED
mine	4	5.04	2	2	WORDFREQ_RANKED
mini	4	4.44	1	1	WORDFREQ_RANKED
minimum	7	4.69	2	1	WORDFREQ_RANKED
mining	6	4.56	2	0	WORDFREQ_RANKED
mint	4	3.92	6	2	WORDFREQ_RANKED
minute	6	4.98	6	2	WORDFREQ_RANKED
miracle	7	4.13	2	0	WORDFREQ_RANKED
mirror	6	4.47	2	2	WORDFREQ_RANKED
misery	6	3.89	2	0	WORDFREQ_RANKED
mission	7	4.87	5	0	WORDFREQ_RANKED
mistake	7	4.67	3	2	WORDFREQ_RANKED
mixture	7	4.18	5	0	WORDFREQ_RANKED
mode	4	4.63	6	0	WORDFREQ_RANKED
model	5	5.13	9	7	WORDFREQ_RANKED
module	6	3.89	4	0	WORDFREQ_RANKED
mold	4	3.77	8	6	WORDFREQ_RANKED
mole	4	3.67	6	0	WORDFREQ_RANKED
moment	6	5.24	6	0	WORDFREQ_RANKED
monarch	7	3.69	2	0	WORDFREQ_RANKED
money	5	5.64	3	0	WORDFREQ_RANKED
monitor	7	4.37	6	2	WORDFREQ_RANKED
monkey	6	4.07	2	2	WORDFREQ_RANKED
monster	7	4.49	5	0	WORDFREQ_RANKED
monte	5	3.69	1	0	WORDFREQ_RANKED
month	5	5.25	2	0	WORDFREQ_RANKED
mood	4	4.44	3	0	WORDFREQ_RANKED
moon	4	4.70	4	3	WORDFREQ_RANKED
morning	7	5.33	4	0	WORDFREQ_RANKED
moss	4	3.89	1	0	WORDFREQ_RANKED
moth	4	3.50	1	0	WORDFREQ_RANKED
mother	6	5.24	5	2	WORDFREQ_RANKED
motion	6	4.59	7	1	WORDFREQ_RANKED
motive	6	3.94	3	2	WORDFREQ_RANKED
motto	5	3.72	1	0	WORDFREQ_RANKED
mouse	5	4.31	4	2	WORDFREQ_RANKED
mouth	5	4.83	8	3	WORDFREQ_RANKED
movie	5	5.16	1	0	WORDFREQ_RANKED
muscle	6	4.44	5	1	WORDFREQ_RANKED
museum	6	4.71	1	0	WORDFREQ_RANKED
music	5	5.52	5	0	WORDFREQ_RANKED
mustard	7	3.69	3	0	WORDFREQ_RANKED
mystery	7	4.45	2	0	WORDFREQ_RANKED
myth	4	4.08	1	0	WORDFREQ_RANKED
nation	6	4.88	3	0	WORDFREQ_RANKED
nature	6	4.98	5	0	WORDFREQ_RANKED
neck	4	4.63	5	1	WORDFREQ_RANKED
need	4	5.97	4	3	WORDFREQ_RANKED
needle	6	3.98	4	2	WORDFREQ_RANKED
neglect	7	3.79	5	4	WORDFREQ_RANKED
neon	4	3.64	1	0	WORDFREQ_RANKED
nephew	6	4.01	1	0	WORDFREQ_RANKED
nerd	4	3.66	2	0	WORDFREQ_RANKED
nerve	5	4.19	3	1	WORDFREQ_RANKED
nest	4	4.07	5	4	WORDFREQ_RANKED
network	7	5.02	5	1	WORDFREQ_RANKED
news	4	5.44	5	0	WORDFREQ_RANKED
nexus	5	3.65	2	0	WORDFREQ_RANKED
niche	5	3.85	4	0	WORDFREQ_RANKED
nickel	6	3.82	3	1	WORDFREQ_RANKED
niece	5	3.82	1	0	WORDFREQ_RANKED
night	5	5.61	7	0	WORDFREQ_RANKED
ninety	6	3.71	1	1	WORDFREQ_RANKED
ninja	5	3.87	2	0	WORDFREQ_RANKED
node	4	3.88	8	0	WORDFREQ_RANKED
noise	5	4.55	6	1	WORDFREQ_RANKED
noon	4	4.11	1	0	WORDFREQ_RANKED
norm	4	3.93	2	0	WORDFREQ_RANKED
north	5	5.34	4	2	WORDFREQ_RANKED
nose	4	4.51	8	6	WORDFREQ_RANKED
notch	5	3.78	4	2	WORDFREQ_RANKED
note	4	5.04	9	4	WORDFREQ_RANKED
notice	6	4.90	7	4	WORDFREQ_RANKED
notion	6	4.17	4	0	WORDFREQ_RANKED
noun	4	3.61	2	0	WORDFREQ_RANKED
nova	4	3.92	1	0	WORDFREQ_RANKED
novel	5	4.63	2	2	WORDFREQ_RANKED
novelty	7	3.66	4	0	WORDFREQ_RANKED
number	6	5.62	12	6	WORDFREQ_RANKED
nursery	7	3.89	1	0	WORDFREQ_RANKED
nursing	7	4.32	3	0	WORDFREQ_RANKED
object	6	4.56	5	2	WORDFREQ_RANKED
ocean	5	4.70	2	0	WORDFREQ_RANKED
odds	4	4.28	2	0	WORDFREQ_RANKED
offense	7	4.26	5	0	WORDFREQ_RANKED
office	6	5.40	7	0	WORDFREQ_RANKED
officer	7	5.03	4	1	WORDFREQ_RANKED
offset	6	3.99	6	5	WORDFREQ_RANKED
olive	5	4.09	5	1	WORDFREQ_RANKED
omega	5	3.78	2	0	WORDFREQ_RANKED
onion	5	3.89	3	0	WORDFREQ_RANKED
onset	5	3.72	2	0	WORDFREQ_RANKED
opener	6	3.88	3	0	WORDFREQ_RANKED
opening	7	4.94	13	1	WORDFREQ_RANKED
opinion	7	4.94	6	0	WORDFREQ_RANKED
option	6	4.80	3	0	WORDFREQ_RANKED
oracle	6	3.70	3	0	WORDFREQ_RANKED
orange	6	4.62	4	1	WORDFREQ_RANKED
orbit	5	4.03	5	1	WORDFREQ_RANKED
order	5	5.49	14	9	WORDFREQ_RANKED
organ	5	4.14	6	0	WORDFREQ_RANKED
origin	6	4.55	6	0	WORDFREQ_RANKED
ounce	5	3.80	3	0	WORDFREQ_RANKED
outcome	7	4.35	2	0	WORDFREQ_RANKED
outfit	6	4.22	3	1	WORDFREQ_RANKED
outlet	6	4.00	4	0	WORDFREQ_RANKED
outline	7	3.92	3	3	WORDFREQ_RANKED
outlook	7	4.07	3	0	WORDFREQ_RANKED
output	6	4.43	5	1	WORDFREQ_RANKED
outrage	7	3.84	4	3	WORDFREQ_RANKED
oval	4	3.98	1	1	WORDFREQ_RANKED
oven	4	4.05	1	0	WORDFREQ_RANKED
overlap	7	3.70	3	2	WORDFREQ_RANKED
owner	5	4.83	2	0	WORDFREQ_RANKED
oxide	5	3.66	1	0	WORDFREQ_RANKED
oxygen	6	4.25	1	0	WORDFREQ_RANKED
pace	4	4.38	6	4	WORDFREQ_RANKED
package	7	4.46	3	1	WORDFREQ_RANKED
packet	6	3.77	4	0	WORDFREQ_RANKED
packing	7	4.06	3	0	WORDFREQ_RANKED
pact	4	3.73	1	0	WORDFREQ_RANKED
page	4	5.12	4	3	WORDFREQ_RANKED
painter	7	3.93	4	0	WORDFREQ_RANKED
palace	6	4.45	4	0	WORDFREQ_RANKED
palette	7	3.74	3	0	WORDFREQ_RANKED
palm	4	4.23	4	1	WORDFREQ_RANKED
panda	5	3.65	2	0	WORDFREQ_RANKED
panel	5	4.55	8	2	WORDFREQ_RANKED
panic	5	4.26	2	2	WORDFREQ_RANKED
panther	7	3.65	3	0	WORDFREQ_RANKED
papa	4	3.91	1	0	WORDFREQ_RANKED
paper	5	5.07	7	2	WORDFREQ_RANKED
parade	6	4.16	3	2	WORDFREQ_RANKED
paradox	7	3.63	1	0	WORDFREQ_RANKED
pardon	6	3.82	3	2	WORDFREQ_RANKED
parent	6	4.57	2	1	WORDFREQ_RANKED
parish	6	4.11	2	0	WORDFREQ_RANKED
park	4	5.16	5	2	WORDFREQ_RANKED
parking	7	4.47	2	0	WORDFREQ_RANKED
parody	6	3.78	2	2	WORDFREQ_RANKED
parole	6	3.78	3	1	WORDFREQ_RANKED
part	4	5.78	13	6	WORDFREQ_RANKED
partner	7	4.84	3	2	WORDFREQ_RANKED
passage	7	4.27	10	0	WORDFREQ_RANKED
passing	7	4.63	7	5	WORDFREQ_RANKED
passion	7	4.44	6	0	WORDFREQ_RANKED
past	4	5.36	3	3	WORDFREQ_RANKED
pasta	5	3.92	2	0	WORDFREQ_RANKED
paste	5	3.91	4	3	WORDFREQ_RANKED
patch	5	4.20	9	4	WORDFREQ_RANKED
path	4	4.71	4	0	WORDFREQ_RANKED
pathway	7	3.77	2	0	WORDFREQ_RANKED
patient	7	4.77	2	1	WORDFREQ_RANKED
patriot	7	3.73	1	0	WORDFREQ_RANKED
patrol	6	4.14	3	1	WORDFREQ_RANKED
patron	6	3.73	3	0	WORDFREQ_RANKED
pattern	7	4.56	8	2	WORDFREQ_RANKED
pause	5	4.00	2	2	WORDFREQ_RANKED
pawn	4	3.53	4	1	WORDFREQ_RANKED
payment	7	4.66	3	0	WORDFREQ_RANKED
payroll	7	3.76	3	0	WORDFREQ_RANKED
peace	5	5.02	5	0	WORDFREQ_RANKED
peach	5	3.77	4	1	WORDFREQ_RANKED
peak	4	4.53	7	1	WORDFREQ_RANKED
peanut	6	3.90	4	1	WORDFREQ_RANKED
pearl	5	4.14	3	1	WORDFREQ_RANKED
peek	4	3.70	1	1	WORDFREQ_RANKED
peer	4	4.14	2	1	WORDFREQ_RANKED
pencil	6	3.95	4	1	WORDFREQ_RANKED
penguin	7	3.78	1	0	WORDFREQ_RANKED
penny	5	4.07	2	0	WORDFREQ_RANKED
pension	7	4.22	1	1	WORDFREQ_RANKED
people	6	6.25	4	2	WORDFREQ_RANKED
pepper	6	4.14	4	2	WORDFREQ_RANKED
percent	7	5.04	1	0	WORDFREQ_RANKED
perfume	7	3.75	2	2	WORDFREQ_RANKED
period	6	5.21	7	0	WORDFREQ_RANKED
permit	6	4.22	3	3	WORDFREQ_RANKED
person	6	5.55	3	0	WORDFREQ_RANKED
persona	7	3.69	2	0	WORDFREQ_RANKED
petrol	6	3.72	1	0	WORDFREQ_RANKED
phase	5	4.64	4	2	WORDFREQ_RANKED
phone	5	5.30	3	1	WORDFREQ_RANKED
photo	5	4.97	1	0	WORDFREQ_RANKED
phrase	6	4.30	4	2	WORDFREQ_RANKED
piano	5	4.31	2	2	WORDFREQ_RANKED
pickup	6	3.86	9	0	WORDFREQ_RANKED
picnic	6	3.80	3	1	WORDFREQ_RANKED
picture	7	5.13	10	2	WORDFREQ_RANKED
piece	5	5.04	13	5	WORDFREQ_RANKED
pier	4	3.82	3	0	WORDFREQ_RANKED
pike	4	3.68	5	0	WORDFREQ_RANKED
pile	4	4.14	8	3	WORDFREQ_RANKED
pill	4	4.03	5	0	WORDFREQ_RANKED
pillow	6	3.96	1	1	WORDFREQ_RANKED
pilot	5	4.52	6	2	WORDFREQ_RANKED
pinch	5	3.76	7	5	WORDFREQ_RANKED
pine	4	4.10	2	1	WORDFREQ_RANKED
pint	4	3.66	3	0	WORDFREQ_RANKED
pipe	4	4.25	5	4	WORDFREQ_RANKED
pitcher	7	3.79	5	0	WORDFREQ_RANKED
pity	4	3.98	3	1	WORDFREQ_RANKED
pixel	5	3.72	1	0	WORDFREQ_RANKED
pizza	5	4.43	1	0	WORDFREQ_RANKED
place	5	5.71	16	16	WORDFREQ_RANKED
plan	4	5.29	3	3	WORDFREQ_RANKED
plane	5	4.72	5	4	WORDFREQ_RANKED
planet	6	4.68	3	0	WORDFREQ_RANKED
plaque	6	3.69	2	0	WORDFREQ_RANKED
plasma	6	3.95	3	0	WORDFREQ_RANKED
plate	5	4.55	15	1	WORDFREQ_RANKED
player	6	5.19	5	0	WORDFREQ_RANKED
playing	7	5.37	3	0	WORDFREQ_RANKED
playoff	7	4.13	1	0	WORDFREQ_RANKED
plaza	5	3.91	2	0	WORDFREQ_RANKED
plea	4	3.95	3	0	WORDFREQ_RANKED
plenty	6	4.72	2	1	WORDFREQ_RANKED
plot	4	4.58	4	4	WORDFREQ_RANKED
plug	4	4.14	7	7	WORDFREQ_RANKED
plum	4	3.55	3	2	WORDFREQ_RANKED
plus	4	4.95	2	2	WORDFREQ_RANKED
pocket	6	4.48	9	2	WORDFREQ_RANKED
poem	4	4.25	1	0	WORDFREQ_RANKED
poet	4	4.21	1	0	WORDFREQ_RANKED
poetry	6	4.40	2	0	WORDFREQ_RANKED
point	5	5.54	26	14	WORDFREQ_RANKED
pole	4	4.23	9	3	WORDFREQ_RANKED
police	6	5.33	1	1	WORDFREQ_RANKED
policy	6	5.17	3	0	WORDFREQ_RANKED
polish	6	4.29	3	3	WORDFREQ_RANKED
poll	4	4.35	5	4	WORDFREQ_RANKED
polymer	7	3.64	1	0	WORDFREQ_RANKED
pond	4	3.98	1	0	WORDFREQ_RANKED
pony	4	3.81	5	0	WORDFREQ_RANKED
pool	4	4.67	9	2	WORDFREQ_RANKED
popcorn	7	3.73	2	0	WORDFREQ_RANKED
porch	5	3.85	1	0	WORDFREQ_RANKED
pork	4	4.03	2	0	WORDFREQ_RANKED
portal	6	4.00	3	0	WORDFREQ_RANKED
portion	7	4.53	7	1	WORDFREQ_RANKED
poster	6	4.19	3	0	WORDFREQ_RANKED
posting	7	4.39	3	0	WORDFREQ_RANKED
posture	7	3.65	4	2	WORDFREQ_RANKED
potato	6	4.11	2	0	WORDFREQ_RANKED
pottery	7	3.70	3	0	WORDFREQ_RANKED
pound	5	4.32	13	8	WORDFREQ_RANKED
poverty	7	4.46	1	0	WORDFREQ_RANKED
powder	6	4.25	3	2	WORDFREQ_RANKED
power	5	5.52	10	1	WORDFREQ_RANKED
prairie	7	3.70	1	0	WORDFREQ_RANKED
praise	6	4.31	2	1	WORDFREQ_RANKED
prank	5	3.70	2	2	WORDFREQ_RANKED
premium	7	4.33	5	1	WORDFREQ_RANKED
preview	7	3.96	2	1	WORDFREQ_RANKED
prey	4	3.98	2	2	WORDFREQ_RANKED
price	5	5.23	6	2	WORDFREQ_RANKED
pride	5	4.49	5	1	WORDFREQ_RANKED
prince	6	4.72	1	0	WORDFREQ_RANKED
print	5	4.54	7	4	WORDFREQ_RANKED
printer	7	3.93	3	0	WORDFREQ_RANKED
prior	5	4.85	1	1	WORDFREQ_RANKED
privacy	7	4.36	2	0	WORDFREQ_RANKED
probe	5	3.99	4	2	WORDFREQ_RANKED
problem	7	5.40	3	0	WORDFREQ_RANKED
product	7	4.95	6	0	WORDFREQ_RANKED
profile	7	4.82	5	2	WORDFREQ_RANKED
profit	6	4.70	2	2	WORDFREQ_RANKED
program	7	5.27	8	2	WORDFREQ_RANKED
prom	4	3.78	1	0	WORDFREQ_RANKED
promo	5	3.81	1	0	WORDFREQ_RANKED
proof	5	4.70	6	6	WORDFREQ_RANKED
prop	4	3.77	3	1	WORDFREQ_RANKED
prophet	7	3.98	2	0	WORDFREQ_RANKED
prose	5	3.72	2	0	WORDFREQ_RANKED
protein	7	4.53	1	0	WORDFREQ_RANKED
protest	7	4.45	3	3	WORDFREQ_RANKED
proxy	5	3.73	2	0	WORDFREQ_RANKED
public	6	5.57	2	2	WORDFREQ_RANKED
pulp	4	3.68	5	2	WORDFREQ_RANKED
pulse	5	4.06	4	3	WORDFREQ_RANKED
pumpkin	7	3.83	2	0	WORDFREQ_RANKED
punch	5	4.32	3	3	WORDFREQ_RANKED
pupil	5	3.81	3	0	WORDFREQ_RANKED
puppet	6	3.80	3	0	WORDFREQ_RANKED
puppy	5	4.00	2	0	WORDFREQ_RANKED
purity	6	3.69	3	0	WORDFREQ_RANKED
purpose	7	4.88	3	2	WORDFREQ_RANKED
purse	5	3.95	4	2	WORDFREQ_RANKED
pursuit	7	4.12	4	0	WORDFREQ_RANKED
puzzle	6	3.96	2	2	WORDFREQ_RANKED
quality	7	5.11	5	2	WORDFREQ_RANKED
quantum	7	4.07	2	0	WORDFREQ_RANKED
quarter	7	4.72	14	4	WORDFREQ_RANKED
quartz	6	3.70	2	0	WORDFREQ_RANKED
queen	5	4.86	10	2	WORDFREQ_RANKED
query	5	3.64	1	1	WORDFREQ_RANKED
queue	5	3.78	3	1	WORDFREQ_RANKED
quiz	4	3.82	1	1	WORDFREQ_RANKED
rabbit	6	4.05	3	1	WORDFREQ_RANKED
race	4	5.08	6	4	WORDFREQ_RANKED
radar	5	4.20	1	0	WORDFREQ_RANKED
radical	7	4.33	6	5	WORDFREQ_RANKED
radio	5	5.01	3	2	WORDFREQ_RANKED
radius	6	3.86	5	0	WORDFREQ_RANKED
rage	4	4.11	5	3	WORDFREQ_RANKED
railway	7	4.46	2	0	WORDFREQ_RANKED
rain	4	4.71	3	1	WORDFREQ_RANKED
rainbow	7	4.07	2	0	WORDFREQ_RANKED
rally	5	4.34	5	5	WORDFREQ_RANKED
ranch	5	4.03	1	1	WORDFREQ_RANKED
range	5	5.12	9	8	WORDFREQ_RANKED
ransom	6	3.68	3	1	WORDFREQ_RANKED
rant	4	3.67	2	1	WORDFREQ_RANKED
rapper	6	3.96	2	0	WORDFREQ_RANKED
rate	4	5.14	4	3	WORDFREQ_RANKED
rating	6	4.45	4	0	WORDFREQ_RANKED
ratio	5	4.37	2	0	WORDFREQ_RANKED
razor	5	3.72	1	1	WORDFREQ_RANKED
reactor	7	3.83	2	0	WORDFREQ_RANKED
reader	6	4.34	8	0	WORDFREQ_RANKED
reading	7	5.14	7	0	WORDFREQ_RANKED
realism	7	3.69	5	0	WORDFREQ_RANKED
reality	7	4.89	4	0	WORDFREQ_RANKED
realm	5	4.06	3	0	WORDFREQ_RANKED
reason	6	5.32	6	3	WORDFREQ_RANKED
receipt	7	3.92	2	2	WORDFREQ_RANKED
recipe	6	4.23	1	0	WORDFREQ_RANKED
record	6	5.21	8	4	WORDFREQ_RANKED
reed	4	4.07	3	0	WORDFREQ_RANKED
reel	4	3.68	6	3	WORDFREQ_RANKED
referee	7	3.86	3	2	WORDFREQ_RANKED
refuge	6	3.91	4	0	WORDFREQ_RANKED
refugee	7	3.98	1	0	WORDFREQ_RANKED
refund	6	3.94	2	1	WORDFREQ_RANKED
refusal	7	3.83	2	0	WORDFREQ_RANKED
regard	6	4.36	7	3	WORDFREQ_RANKED
region	6	5.00	5	0	WORDFREQ_RANKED
reign	5	4.07	3	2	WORDFREQ_RANKED
relay	5	3.86	5	2	WORDFREQ_RANKED
release	7	5.09	12	10	WORDFREQ_RANKED
relief	6	4.55	11	0	WORDFREQ_RANKED
remake	6	3.79	1	1	WORDFREQ_RANKED
remedy	6	3.82	2	2	WORDFREQ_RANKED
removal	7	4.35	2	0	WORDFREQ_RANKED
renewal	7	3.84	3	0	WORDFREQ_RANKED
rent	4	4.58	4	4	WORDFREQ_RANKED
rental	6	4.10	2	2	WORDFREQ_RANKED
repeal	6	3.87	1	1	WORDFREQ_RANKED
replica	7	3.67	1	0	WORDFREQ_RANKED
reply	5	4.50	2	1	WORDFREQ_RANKED
report	6	5.32	7	6	WORDFREQ_RANKED
reserve	7	4.60	7	4	WORDFREQ_RANKED
resort	6	4.37	4	2	WORDFREQ_RANKED
respect	7	5.03	7	2	WORDFREQ_RANKED
result	6	5.18	4	3	WORDFREQ_RANKED
retreat	7	4.13	7	4	WORDFREQ_RANKED
retro	5	3.73	1	1	WORDFREQ_RANKED
reunion	7	3.93	2	0	WORDFREQ_RANKED
revenge	7	4.28	1	1	WORDFREQ_RANKED
revenue	7	4.64	2	0	WORDFREQ_RANKED
review	6	5.12	10	5	WORDFREQ_RANKED
revival	7	3.93	2	0	WORDFREQ_RANKED
reward	6	4.33	5	3	WORDFREQ_RANKED
rhythm	6	4.05	6	0	WORDFREQ_RANKED
ribbon	6	3.81	4	0	WORDFREQ_RANKED
rider	5	4.02	4	0	WORDFREQ_RANKED
ridge	5	4.12	6	5	WORDFREQ_RANKED
riding	6	4.49	2	0	WORDFREQ_RANKED
rift	4	3.64	3	0	WORDFREQ_RANKED
ring	4	4.81	9	6	WORDFREQ_RANKED
risk	4	5.05	4	2	WORDFREQ_RANKED
ritual	6	4.02	3	2	WORDFREQ_RANKED
rivalry	7	3.80	1	0	WORDFREQ_RANKED
river	5	5.03	1	0	WORDFREQ_RANKED
road	4	5.24	2	0	WORDFREQ_RANKED
robe	4	3.52	2	2	WORDFREQ_RANKED
robin	5	4.33	2	0	WORDFREQ_RANKED
robot	5	4.24	1	0	WORDFREQ_RANKED
rock	4	5.03	6	2	WORDFREQ_RANKED
rocket	6	4.31	5	2	WORDFREQ_RANKED
rogue	5	3.89	1	0	WORDFREQ_RANKED
role	4	5.16	4	0	WORDFREQ_RANKED
roller	6	3.99	7	0	WORDFREQ_RANKED
romance	7	4.32	4	4	WORDFREQ_RANKED
roof	4	4.55	4	1	WORDFREQ_RANKED
rookie	6	4.13	1	0	WORDFREQ_RANKED
room	4	5.39	4	1	WORDFREQ_RANKED
root	4	4.41	8	7	WORDFREQ_RANKED
rope	4	4.06	2	2	WORDFREQ_RANKED
rose	4	4.82	3	1	WORDFREQ_RANKED
roster	6	4.09	1	0	WORDFREQ_RANKED
rouge	5	3.66	1	1	WORDFREQ_RANKED
routine	7	4.37	3	1	WORDFREQ_RANKED
rover	5	3.76	2	0	WORDFREQ_RANKED
royalty	7	3.80	2	0	WORDFREQ_RANKED
rubber	6	4.23	6	2	WORDFREQ_RANKED
rubbish	7	3.87	2	1	WORDFREQ_RANKED
ruby	4	3.98	3	1	WORDFREQ_RANKED
rugby	5	4.40	1	0	WORDFREQ_RANKED
ruin	4	4.31	6	6	WORDFREQ_RANKED
rule	4	4.94	12	7	WORDFREQ_RANKED
ruler	5	3.84	2	0	WORDFREQ_RANKED
rumor	5	3.73	1	1	WORDFREQ_RANKED
runway	6	3.92	4	0	WORDFREQ_RANKED
rust	4	3.74	5	4	WORDFREQ_RANKED
sack	4	3.91	9	4	WORDFREQ_RANKED
saddle	6	3.73	6	3	WORDFREQ_RANKED
sadness	7	3.88	3	0	WORDFREQ_RANKED
safety	6	4.97	6	0	WORDFREQ_RANKED
saga	4	3.87	1	0	WORDFREQ_RANKED
sage	4	3.83	3	2	WORDFREQ_RANKED
sailing	7	3.99	4	0	WORDFREQ_RANKED
sailor	6	3.78	3	0	WORDFREQ_RANKED
salad	5	4.15	1	0	WORDFREQ_RANKED
salary	6	4.36	1	0	WORDFREQ_RANKED
sale	4	4.99	5	0	WORDFREQ_RANKED
salmon	6	4.01	3	1	WORDFREQ_RANKED
salon	5	3.87	3	0	WORDFREQ_RANKED
salvage	7	3.65	3	2	WORDFREQ_RANKED
sample	6	4.53	3	1	WORDFREQ_RANKED
samurai	7	3.65	2	0	WORDFREQ_RANKED
sausage	7	3.80	2	0	WORDFREQ_RANKED
saving	6	4.59	3	2	WORDFREQ_RANKED
scale	5	4.83	10	8	WORDFREQ_RANKED
scaling	7	3.63	3	0	WORDFREQ_RANKED
scandal	7	4.17	2	0	WORDFREQ_RANKED
scare	5	4.07	2	2	WORDFREQ_RANKED
scarlet	7	3.64	1	1	WORDFREQ_RANKED
scene	5	4.97	10	0	WORDFREQ_RANKED
scenery	7	3.68	2	0	WORDFREQ_RANKED
scent	5	3.82	3	3	WORDFREQ_RANKED
scheme	6	4.57	5	2	WORDFREQ_RANKED
scholar	7	3.96	3	0	WORDFREQ_RANKED
school	6	5.71	7	3	WORDFREQ_RANKED
science	7	5.12	2	0	WORDFREQ_RANKED
scoop	5	3.69	6	2	WORDFREQ_RANKED
scope	5	4.26	4	0	WORDFREQ_RANKED
score	5	4.83	11	7	WORDFREQ_RANKED
scout	5	3.97	3	1	WORDFREQ_RANKED
scrap	5	3.90	4	3	WORDFREQ_RANKED
scream	6	4.14	3	3	WORDFREQ_RANKED
screen	6	4.85	8	7	WORDFREQ_RANKED
screw	5	4.25	5	5	WORDFREQ_RANKED
script	6	4.36	3	1	WORDFREQ_RANKED
scroll	6	3.86	2	1	WORDFREQ_RANKED
seafood	7	3.65	1	0	WORDFREQ_RANKED
seal	4	4.30	8	6	WORDFREQ_RANKED
search	6	4.96	5	4	WORDFREQ_RANKED
season	6	5.48	3	3	WORDFREQ_RANKED
seat	4	4.82	9	7	WORDFREQ_RANKED
second	6	5.63	10	5	WORDFREQ_RANKED
section	7	5.00	14	1	WORDFREQ_RANKED
sector	6	4.66	6	0	WORDFREQ_RANKED
segment	7	4.26	2	2	WORDFREQ_RANKED
self	4	5.25	2	1	WORDFREQ_RANKED
seller	6	4.01	1	0	WORDFREQ_RANKED
seminar	7	3.77	2	0	WORDFREQ_RANKED
sense	5	5.19	5	4	WORDFREQ_RANKED
sensing	7	3.64	2	0	WORDFREQ_RANKED
sensor	6	3.92	1	0	WORDFREQ_RANKED
sequel	6	3.98	2	0	WORDFREQ_RANKED
series	6	5.35	7	0	WORDFREQ_RANKED
serum	5	3.74	1	0	WORDFREQ_RANKED
servant	7	4.09	2	0	WORDFREQ_RANKED
server	6	4.46	4	0	WORDFREQ_RANKED
service	7	5.49	14	3	WORDFREQ_RANKED
serving	7	4.62	2	0	WORDFREQ_RANKED
session	7	4.72	4	0	WORDFREQ_RANKED
setting	7	4.77	7	0	WORDFREQ_RANKED
setup	5	4.09	3	0	WORDFREQ_RANKED
sewing	6	3.69	2	0	WORDFREQ_RANKED
shade	5	4.16	9	5	WORDFREQ_RANKED
shadow	6	4.44	9	3	WORDFREQ_RANKED
shaft	5	3.90	12	2	WORDFREQ_RANKED
shale	5	3.69	1	0	WORDFREQ_RANKED
shape	5	4.72	7	3	WORDFREQ_RANKED
share	5	5.20	5	5	WORDFREQ_RANKED
sharing	7	4.66	4	1	WORDFREQ_RANKED
shark	5	4.10	3	2	WORDFREQ_RANKED
sheep	5	4.19	3	0	WORDFREQ_RANKED
sheet	5	4.40	8	2	WORDFREQ_RANKED
shelf	5	4.02	2	0	WORDFREQ_RANKED
shelter	7	4.25	5	2	WORDFREQ_RANKED
sheriff	7	4.16	1	0	WORDFREQ_RANKED
shield	6	4.30	3	2	WORDFREQ_RANKED
shin	4	3.69	4	1	WORDFREQ_RANKED
shirt	5	4.63	1	1	WORDFREQ_RANKED
shock	5	4.46	10	7	WORDFREQ_RANKED
shoe	4	4.24	4	1	WORDFREQ_RANKED
shower	6	4.50	6	5	WORDFREQ_RANKED
showing	7	4.88	2	0	WORDFREQ_RANKED
shrimp	6	3.79	3	1	WORDFREQ_RANKED
shuttle	7	3.90	3	1	WORDFREQ_RANKED
side	4	5.50	12	2	WORDFREQ_RANKED
sigh	4	3.95	2	2	WORDFREQ_RANKED
sight	5	4.54	8	2	WORDFREQ_RANKED
sign	4	5.08	11	9	WORDFREQ_RANKED
signal	6	4.62	3	3	WORDFREQ_RANKED
silence	7	4.46	4	2	WORDFREQ_RANKED
silicon	7	4.00	1	0	WORDFREQ_RANKED
silk	4	4.11	2	0	WORDFREQ_RANKED
singing	7	4.59	2	1	WORDFREQ_RANKED
site	4	5.22	3	1	WORDFREQ_RANKED
sitting	7	4.86	4	2	WORDFREQ_RANKED
size	4	5.13	5	4	WORDFREQ_RANKED
skate	5	3.74	2	1	WORDFREQ_RANKED
sketch	6	4.04	4	2	WORDFREQ_RANKED
skill	5	4.42	2	0	WORDFREQ_RANKED
skin	4	4.91	8	4	WORDFREQ_RANKED
skirt	5	3.96	4	4	WORDFREQ_RANKED
skull	5	4.09	1	0	WORDFREQ_RANKED
slam	4	4.02	4	4	WORDFREQ_RANKED
slate	5	3.82	4	3	WORDFREQ_RANKED
sleep	5	5.05	4	2	WORDFREQ_RANKED
sleeve	6	3.93	2	0	WORDFREQ_RANKED
slice	5	4.00	6	4	WORDFREQ_RANKED
slide	5	4.30	7	3	WORDFREQ_RANKED
slip	4	4.28	15	11	WORDFREQ_RANKED
slogan	6	3.72	1	0	WORDFREQ_RANKED
slope	5	3.90	2	1	WORDFREQ_RANKED
slot	4	4.09	7	1	WORDFREQ_RANKED
smell	5	4.49	5	5	WORDFREQ_RANKED
smoke	5	4.67	8	2	WORDFREQ_RANKED
snack	5	3.90	1	1	WORDFREQ_RANKED
snail	5	3.67	2	1	WORDFREQ_RANKED
snake	5	4.23	4	3	WORDFREQ_RANKED
snap	4	4.21	13	13	WORDFREQ_RANKED
snow	4	4.66	3	2	WORDFREQ_RANKED
soap	4	4.18	3	1	WORDFREQ_RANKED
soccer	6	4.48	1	0	WORDFREQ_RANKED
society	7	5.17	4	0	WORDFREQ_RANKED
sock	4	3.61	2	1	WORDFREQ_RANKED
soda	4	4.04	2	0	WORDFREQ_RANKED
sodium	6	3.87	1	0	WORDFREQ_RANKED
sofa	4	3.81	1	0	WORDFREQ_RANKED
soil	4	4.42	4	1	WORDFREQ_RANKED
soldier	7	4.46	2	1	WORDFREQ_RANKED
sole	4	4.29	4	3	WORDFREQ_RANKED
song	4	5.26	5	0	WORDFREQ_RANKED
sorrow	6	3.73	4	1	WORDFREQ_RANKED
sort	4	5.00	4	2	WORDFREQ_RANKED
soul	4	4.81	5	0	WORDFREQ_RANKED
soup	4	4.15	3	1	WORDFREQ_RANKED
source	6	5.15	9	2	WORDFREQ_RANKED
south	5	5.40	3	2	WORDFREQ_RANKED
space	5	5.23	9	1	WORDFREQ_RANKED
span	4	4.07	6	1	WORDFREQ_RANKED
spark	5	3.99	5	2	WORDFREQ_RANKED
speech	6	4.85	8	0	WORDFREQ_RANKED
speed	5	5.00	5	5	WORDFREQ_RANKED
sphere	6	3.91	7	0	WORDFREQ_RANKED
spice	5	3.94	3	2	WORDFREQ_RANKED
spider	6	4.25	3	0	WORDFREQ_RANKED
spike	5	3.96	11	6	WORDFREQ_RANKED
spinal	6	3.85	1	1	WORDFREQ_RANKED
spine	5	3.93	5	0	WORDFREQ_RANKED
spiral	6	3.85	6	4	WORDFREQ_RANKED
spirit	6	4.79	8	1	WORDFREQ_RANKED
spit	4	3.85	4	4	WORDFREQ_RANKED
spite	5	4.04	2	1	WORDFREQ_RANKED
split	5	4.65	10	7	WORDFREQ_RANKED
spoke	5	4.61	2	0	WORDFREQ_RANKED
spoon	5	3.88	3	2	WORDFREQ_RANKED
sport	5	4.73	7	2	WORDFREQ_RANKED
spot	4	4.89	13	6	WORDFREQ_RANKED
spouse	6	3.95	1	0	WORDFREQ_RANKED
spray	5	4.18	6	3	WORDFREQ_RANKED
spring	6	4.92	6	5	WORDFREQ_RANKED
sprint	6	3.96	1	1	WORDFREQ_RANKED
spur	4	3.66	5	5	WORDFREQ_RANKED
squad	5	4.67	3	0	WORDFREQ_RANKED
stab	4	3.78	3	3	WORDFREQ_RANKED
stack	5	4.05	5	3	WORDFREQ_RANKED
stadium	7	4.63	1	0	WORDFREQ_RANKED
staff	5	5.08	6	2	WORDFREQ_RANKED
stage	5	5.10	8	2	WORDFREQ_RANKED
staging	7	3.65	4	0	WORDFREQ_RANKED
stain	5	3.70	5	4	WORDFREQ_RANKED
stake	5	4.15	5	5	WORDFREQ_RANKED
stall	5	3.79	7	7	WORDFREQ_RANKED
stamp	5	4.11	9	9	WORDFREQ_RANKED
stance	6	4.05	2	0	WORDFREQ_RANKED
stand	5	5.14	12	12	WORDFREQ_RANKED
staple	6	3.68	5	2	WORDFREQ_RANKED
star	4	5.19	8	4	WORDFREQ_RANKED
starter	7	4.02	7	0	WORDFREQ_RANKED
startup	7	3.83	2	0	WORDFREQ_RANKED
state	5	5.78	7	3	WORDFREQ_RANKED
station	7	5.01	5	1	WORDFREQ_RANKED
statue	6	4.09	1	0	WORDFREQ_RANKED
status	6	4.87	2	0	WORDFREQ_RANKED
statute	7	3.83	1	1	WORDFREQ_RANKED
steak	5	3.97	1	0	WORDFREQ_RANKED
steel	5	4.71	3	2	WORDFREQ_RANKED
stem	4	4.30	6	4	WORDFREQ_RANKED
step	4	5.13	11	10	WORDFREQ_RANKED
stereo	6	3.77	2	1	WORDFREQ_RANKED
sticker	7	3.71	4	0	WORDFREQ_RANKED
stigma	6	3.69	4	0	WORDFREQ_RANKED
stock	5	4.93	17	10	WORDFREQ_RANKED
stomach	7	4.42	4	2	WORDFREQ_RANKED
stone	5	4.80	7	3	WORDFREQ_RANKED
stop	4	5.52	11	11	WORDFREQ_RANKED
storage	7	4.57	6	0	WORDFREQ_RANKED
store	5	5.02	4	2	WORDFREQ_RANKED
story	5	5.45	6	0	WORDFREQ_RANKED
stove	5	3.71	2	0	WORDFREQ_RANKED
strain	6	4.15	11	9	WORDFREQ_RANKED
strand	6	3.68	5	3	WORDFREQ_RANKED
strap	5	3.79	4	4	WORDFREQ_RANKED
straw	5	3.99	4	3	WORDFREQ_RANKED
streak	6	4.06	4	3	WORDFREQ_RANKED
stream	6	4.62	5	5	WORDFREQ_RANKED
street	6	5.28	5	0	WORDFREQ_RANKED
stress	6	4.73	5	4	WORDFREQ_RANKED
striker	7	3.90	5	0	WORDFREQ_RANKED
string	6	4.40	10	7	WORDFREQ_RANKED
stroke	6	4.27	12	4	WORDFREQ_RANKED
student	7	5.02	2	0	WORDFREQ_RANKED
studio	6	4.66	3	0	WORDFREQ_RANKED
study	5	5.26	10	6	WORDFREQ_RANKED
stuff	5	5.14	7	7	WORDFREQ_RANKED
style	5	5.11	9	3	WORDFREQ_RANKED
subject	7	4.96	8	6	WORDFREQ_RANKED
suburb	6	3.81	1	0	WORDFREQ_RANKED
subway	6	4.05	2	0	WORDFREQ_RANKED
success	7	5.06	4	0	WORDFREQ_RANKED
sugar	5	4.68	3	1	WORDFREQ_RANKED
suit	4	4.70	6	4	WORDFREQ_RANKED
suite	5	4.18	4	0	WORDFREQ_RANKED
summer	6	5.23	2	1	WORDFREQ_RANKED
summit	6	4.30	3	1	WORDFREQ_RANKED
sunrise	7	3.82	3	1	WORDFREQ_RANKED
sunset	6	4.04	3	2	WORDFREQ_RANKED
supper	6	3.74	2	0	WORDFREQ_RANKED
support	7	5.53	11	11	WORDFREQ_RANKED
surface	7	4.83	6	4	WORDFREQ_RANKED
surgeon	7	4.13	1	0	WORDFREQ_RANKED
surgery	7	4.63	4	0	WORDFREQ_RANKED
surplus	7	3.87	1	1	WORDFREQ_RANKED
sushi	5	3.68	1	0	WORDFREQ_RANKED
swamp	5	3.84	2	2	WORDFREQ_RANKED
sweat	5	4.14	4	1	WORDFREQ_RANKED
sweater	7	3.78	2	0	WORDFREQ_RANKED
switch	6	4.60	7	7	WORDFREQ_RANKED
symbol	6	4.31	2	0	WORDFREQ_RANKED
syrup	5	3.76	1	0	WORDFREQ_RANKED
system	6	5.56	9	0	WORDFREQ_RANKED
table	5	5.05	6	2	WORDFREQ_RANKED
tablet	6	4.05	5	0	WORDFREQ_RANKED
tackle	6	4.15	5	3	WORDFREQ_RANKED
taco	4	3.69	2	0	WORDFREQ_RANKED
tactic	6	3.71	1	0	WORDFREQ_RANKED
tail	4	4.34	8	3	WORDFREQ_RANKED
tale	4	4.29	2	0	WORDFREQ_RANKED
talent	6	4.64	2	0	WORDFREQ_RANKED
tang	4	3.58	6	0	WORDFREQ_RANKED
tank	4	4.57	5	3	WORDFREQ_RANKED
tape	4	4.44	5	3	WORDFREQ_RANKED
target	6	4.82	5	1	WORDFREQ_RANKED
task	4	4.65	2	2	WORDFREQ_RANKED
taste	5	4.73	7	6	WORDFREQ_RANKED
tasting	7	3.65	3	0	WORDFREQ_RANKED
tattoo	6	4.14	3	1	WORDFREQ_RANKED
teacher	7	4.88	2	0	WORDFREQ_RANKED
team	4	5.67	2	1	WORDFREQ_RANKED
teddy	5	3.88	2	0	WORDFREQ_RANKED
teen	4	4.33	1	1	WORDFREQ_RANKED
teeth	5	4.58	1	0	WORDFREQ_RANKED
tempo	5	3.74	2	0	WORDFREQ_RANKED
tenant	6	3.78	3	1	WORDFREQ_RANKED
tennis	6	4.35	1	0	WORDFREQ_RANKED
tension	7	4.22	6	0	WORDFREQ_RANKED
tent	4	4.05	2	1	WORDFREQ_RANKED
tenure	6	3.93	2	1	WORDFREQ_RANKED
term	4	5.23	7	1	WORDFREQ_RANKED
terrace	7	3.88	3	2	WORDFREQ_RANKED
terrain	7	3.94	1	0	WORDFREQ_RANKED
testing	7	4.67	3	0	WORDFREQ_RANKED
text	4	5.01	4	1	WORDFREQ_RANKED
textile	7	3.75	1	1	WORDFREQ_RANKED
texture	7	3.93	5	0	WORDFREQ_RANKED
theater	7	4.35	3	0	WORDFREQ_RANKED
theme	5	4.62	5	1	WORDFREQ_RANKED
theorem	7	3.71	2	0	WORDFREQ_RANKED
theory	6	4.88	3	0	WORDFREQ_RANKED
therapy	7	4.52	1	0	WORDFREQ_RANKED
thesis	6	4.05	2	0	WORDFREQ_RANKED
thigh	5	3.73	2	0	WORDFREQ_RANKED
thing	5	5.72	12	0	WORDFREQ_RANKED
thought	7	5.59	4	0	WORDFREQ_RANKED
threat	6	4.60	4	0	WORDFREQ_RANKED
throat	6	4.30	4	0	WORDFREQ_RANKED
throne	6	4.11	3	2	WORDFREQ_RANKED
thumb	5	4.01	3	3	WORDFREQ_RANKED
tick	4	3.80	4	4	WORDFREQ_RANKED
ticket	6	4.61	5	2	WORDFREQ_RANKED
tide	4	4.05	3	3	WORDFREQ_RANKED
tier	4	4.16	5	0	WORDFREQ_RANKED
tiger	5	4.30	2	0	WORDFREQ_RANKED
tile	4	3.72	3	1	WORDFREQ_RANKED
tilt	4	3.66	5	4	WORDFREQ_RANKED
timber	6	4.01	5	0	WORDFREQ_RANKED
time	4	6.29	10	5	WORDFREQ_RANKED
timer	5	3.68	3	0	WORDFREQ_RANKED
timing	6	4.29	2	0	WORDFREQ_RANKED
tinder	6	3.69	1	0	WORDFREQ_RANKED
tissue	6	4.32	2	1	WORDFREQ_RANKED
title	5	5.10	10	2	WORDFREQ_RANKED
toast	5	3.96	4	2	WORDFREQ_RANKED
toddler	7	3.83	1	0	WORDFREQ_RANKED
toilet	6	4.31	4	0	WORDFREQ_RANKED
token	5	3.82	4	1	WORDFREQ_RANKED
toll	4	4.08	3	2	WORDFREQ_RANKED
tomato	6	3.85	2	0	WORDFREQ_RANKED
tone	4	4.49	10	5	WORDFREQ_RANKED
tongue	6	4.37	8	2	WORDFREQ_RANKED
tool	4	4.56	4	4	WORDFREQ_RANKED
tooth	5	4.08	5	0	WORDFREQ_RANKED
topic	5	4.49	2	0	WORDFREQ_RANKED
torch	5	3.74	4	1	WORDFREQ_RANKED
tornado	7	3.82	2	0	WORDFREQ_RANKED
tour	4	4.99	3	1	WORDFREQ_RANKED
tourism	7	4.28	1	0	WORDFREQ_RANKED
tourist	7	4.20	1	0	WORDFREQ_RANKED
towel	5	3.94	1	1	WORDFREQ_RANKED
tower	5	4.50	3	1	WORDFREQ_RANKED
town	4	5.24	3	0	WORDFREQ_RANKED
track	5	5.02	11	5	WORDFREQ_RANKED
tracker	7	3.63	1	0	WORDFREQ_RANKED
tract	5	3.71	4	0	WORDFREQ_RANKED
tractor	7	3.78	2	0	WORDFREQ_RANKED
trade	5	5.12	7	5	WORDFREQ_RANKED
trader	6	3.77	1	0	WORDFREQ_RANKED
traffic	7	4.85	4	2	WORDFREQ_RANKED
tragedy	7	4.14	2	0	WORDFREQ_RANKED
trailer	7	4.32	4	0	WORDFREQ_RANKED
trainer	7	4.08	2	0	WORDFREQ_RANKED
trait	5	3.69	1	0	WORDFREQ_RANKED
trap	4	4.33	8	5	WORDFREQ_RANKED
trash	5	4.42	4	2	WORDFREQ_RANKED
tray	4	3.75	1	0	WORDFREQ_RANKED
treaty	6	4.31	1	0	WORDFREQ_RANKED
trek	4	3.96	2	2	WORDFREQ_RANKED
trend	5	4.51	4	2	WORDFREQ_RANKED
tribe	5	4.12	4	0	WORDFREQ_RANKED
tribune	7	3.71	2	0	WORDFREQ_RANKED
tribute	7	4.25	3	0	WORDFREQ_RANKED
trick	5	4.48	7	1	WORDFREQ_RANKED
trigger	7	4.25	3	2	WORDFREQ_RANKED
trilogy	7	3.86	1	0	WORDFREQ_RANKED
trio	4	3.94	5	0	WORDFREQ_RANKED
trip	4	4.90	7	5	WORDFREQ_RANKED
troop	5	3.69	4	2	WORDFREQ_RANKED
trophy	6	4.17	2	0	WORDFREQ_RANKED
trouble	7	4.79	6	5	WORDFREQ_RANKED
trout	5	3.78	2	0	WORDFREQ_RANKED
truck	5	4.64	2	1	WORDFREQ_RANKED
trunk	5	4.03	5	0	WORDFREQ_RANKED
trust	5	5.13	6	6	WORDFREQ_RANKED
trustee	7	3.68	2	0	WORDFREQ_RANKED
truth	5	5.05	4	0	WORDFREQ_RANKED
tube	4	4.36	5	4	WORDFREQ_RANKED
tuck	4	3.55	4	3	WORDFREQ_RANKED
tuition	7	3.97	2	0	WORDFREQ_RANKED
tuna	4	3.64	4	0	WORDFREQ_RANKED
tune	4	4.27	3	2	WORDFREQ_RANKED
tunnel	6	4.24	2	2	WORDFREQ_RANKED
turbine	7	3.63	1	0	WORDFREQ_RANKED
turf	4	3.76	3	1	WORDFREQ_RANKED
turkey	6	4.56	4	0	WORDFREQ_RANKED
turning	7	4.71	6	0	WORDFREQ_RANKED
turnout	7	3.68	7	0	WORDFREQ_RANKED
turtle	6	3.91	2	2	WORDFREQ_RANKED
twist	5	4.22	13	10	WORDFREQ_RANKED
tying	5	3.68	1	0	WORDFREQ_RANKED
type	4	5.27	6	2	WORDFREQ_RANKED
uncle	5	4.45	2	0	WORDFREQ_RANKED
union	5	5.08	10	1	WORDFREQ_RANKED
unit	4	4.95	6	0	WORDFREQ_RANKED
unity	5	4.22	3	0	WORDFREQ_RANKED
upgrade	7	4.24	6	5	WORDFREQ_RANKED
upside	6	4.01	1	0	WORDFREQ_RANKED
uranium	7	3.85	1	0	WORDFREQ_RANKED
urging	6	3.68	3	0	WORDFREQ_RANKED
usage	5	4.23	3	0	WORDFREQ_RANKED
user	4	4.69	3	0	WORDFREQ_RANKED
utility	7	4.27	6	2	WORDFREQ_RANKED
vacancy	7	3.65	2	0	WORDFREQ_RANKED
vaccine	7	4.00	1	0	WORDFREQ_RANKED
vacuum	6	4.09	4	1	WORDFREQ_RANKED
vale	4	3.62	1	0	WORDFREQ_RANKED
valley	6	4.72	1	0	WORDFREQ_RANKED
value	5	5.15	6	5	WORDFREQ_RANKED
valve	5	4.13	5	0	WORDFREQ_RANKED
vanilla	7	3.84	3	2	WORDFREQ_RANKED
vanity	6	3.74	4	0	WORDFREQ_RANKED
variant	7	3.78	4	2	WORDFREQ_RANKED
variety	7	4.75	6	0	WORDFREQ_RANKED
varsity	7	3.70	2	0	WORDFREQ_RANKED
vase	4	3.54	1	0	WORDFREQ_RANKED
vector	6	3.99	4	0	WORDFREQ_RANKED
vegan	5	3.95	1	0	WORDFREQ_RANKED
vehicle	7	4.76	4	0	WORDFREQ_RANKED
veil	4	3.66	4	2	WORDFREQ_RANKED
vein	4	3.77	5	1	WORDFREQ_RANKED
vendor	6	3.79	1	0	WORDFREQ_RANKED
vent	4	3.80	5	2	WORDFREQ_RANKED
venture	7	4.26	3	3	WORDFREQ_RANKED
venue	5	4.25	2	0	WORDFREQ_RANKED
verb	4	3.72	2	0	WORDFREQ_RANKED
verdict	7	4.03	1	0	WORDFREQ_RANKED
verge	5	3.67	4	1	WORDFREQ_RANKED
verse	5	4.18	3	2	WORDFREQ_RANKED
version	7	5.07	6	0	WORDFREQ_RANKED
vessel	6	4.27	3	0	WORDFREQ_RANKED
veteran	7	4.21	3	1	WORDFREQ_RANKED
veto	4	3.65	2	2	WORDFREQ_RANKED
vibe	4	3.94	1	1	WORDFREQ_RANKED
vice	4	4.71	3	0	WORDFREQ_RANKED
victor	6	4.18	2	0	WORDFREQ_RANKED
victory	7	4.73	1	0	WORDFREQ_RANKED
video	5	5.43	4	0	WORDFREQ_RANKED
view	4	5.19	10	3	WORDFREQ_RANKED
viewer	6	3.77	2	0	WORDFREQ_RANKED
viewing	7	4.08	2	0	WORDFREQ_RANKED
villa	5	4.20	3	0	WORDFREQ_RANKED
villain	7	3.88	2	0	WORDFREQ_RANKED
vine	4	3.73	1	0	WORDFREQ_RANKED
vinegar	7	3.64	2	0	WORDFREQ_RANKED
vinyl	5	4.00	2	0	WORDFREQ_RANKED
violet	6	3.84	2	1	WORDFREQ_RANKED
violin	6	3.74	1	0	WORDFREQ_RANKED
virtue	6	3.94	4	0	WORDFREQ_RANKED
vision	6	4.63	5	0	WORDFREQ_RANKED
visitor	7	4.01	1	0	WORDFREQ_RANKED
vista	5	3.71	1	0	WORDFREQ_RANKED
vitamin	7	4.01	1	0	WORDFREQ_RANKED
vogue	5	3.71	2	0	WORDFREQ_RANKED
voice	5	5.07	12	2	WORDFREQ_RANKED
volcano	7	3.76	2	0	WORDFREQ_RANKED
voltage	7	4.02	2	0	WORDFREQ_RANKED
volume	6	4.76	6	0	WORDFREQ_RANKED
voter	5	4.11	1	0	WORDFREQ_RANKED
voyage	6	3.89	2	1	WORDFREQ_RANKED
wage	4	4.44	1	1	WORDFREQ_RANKED
wagon	5	3.90	4	0	WORDFREQ_RANKED
waist	5	3.96	2	0	WORDFREQ_RANKED
wall	4	5.04	8	1	WORDFREQ_RANKED
wallet	6	4.15	1	0	WORDFREQ_RANKED
ward	4	4.37	4	1	WORDFREQ_RANKED
ware	4	3.55	2	1	WORDFREQ_RANKED
warming	7	4.05	2	2	WORDFREQ_RANKED
warmth	6	3.80	5	0	WORDFREQ_RANKED
warning	7	4.59	3	1	WORDFREQ_RANKED
warp	4	3.63	4	2	WORDFREQ_RANKED
warrant	7	4.24	4	2	WORDFREQ_RANKED
warrior	7	4.16	1	0	WORDFREQ_RANKED
washing	7	4.13	2	0	WORDFREQ_RANKED
water	5	5.52	6	4	WORDFREQ_RANKED
wave	4	4.62	8	5	WORDFREQ_RANKED
wealth	6	4.51	4	0	WORDFREQ_RANKED
wedding	7	4.83	3	0	WORDFREQ_RANKED
week	4	5.56	3	0	WORDFREQ_RANKED
weekend	7	4.93	1	1	WORDFREQ_RANKED
weight	6	5.02	8	2	WORDFREQ_RANKED
weir	4	3.52	2	0	WORDFREQ_RANKED
welfare	7	4.43	3	0	WORDFREQ_RANKED
west	4	5.29	3	2	WORDFREQ_RANKED
whale	5	3.98	2	1	WORDFREQ_RANKED
wheat	5	4.01	3	0	WORDFREQ_RANKED
wheel	5	4.50	7	4	WORDFREQ_RANKED
whisper	7	3.74	2	1	WORDFREQ_RANKED
widow	5	4.08	1	1	WORDFREQ_RANKED
width	5	4.02	1	0	WORDFREQ_RANKED
wife	4	5.23	1	0	WORDFREQ_RANKED
will	4	6.45	3	3	WORDFREQ_RANKED
willow	6	3.69	2	0	WORDFREQ_RANKED
wind	4	4.84	8	7	WORDFREQ_RANKED
window	6	4.80	8	0	WORDFREQ_RANKED
wing	4	4.61	11	1	WORDFREQ_RANKED
winner	6	4.80	3	0	WORDFREQ_RANKED
winter	6	4.89	1	1	WORDFREQ_RANKED
wipe	4	4.01	1	1	WORDFREQ_RANKED
wisdom	6	4.30	4	0	WORDFREQ_RANKED
witch	5	4.11	4	1	WORDFREQ_RANKED
witness	7	4.52	5	2	WORDFREQ_RANKED
wizard	6	3.93	2	1	WORDFREQ_RANKED
wolf	4	4.35	3	1	WORDFREQ_RANKED
woman	5	5.35	3	0	WORDFREQ_RANKED
womb	4	3.63	1	0	WORDFREQ_RANKED
wonder	6	4.93	3	3	WORDFREQ_RANKED
wood	4	4.78	4	0	WORDFREQ_RANKED
wool	4	3.91	3	0	WORDFREQ_RANKED
word	4	5.26	8	1	WORDFREQ_RANKED
worker	6	4.43	4	0	WORDFREQ_RANKED
workout	7	4.02	1	0	WORDFREQ_RANKED
world	5	5.89	8	1	WORDFREQ_RANKED
worm	4	3.77	4	1	WORDFREQ_RANKED
wrath	5	3.70	2	0	WORDFREQ_RANKED
wreck	5	3.96	4	1	WORDFREQ_RANKED
wrist	5	4.01	1	0	WORDFREQ_RANKED
writer	6	4.69	2	0	WORDFREQ_RANKED
writing	7	5.07	5	0	WORDFREQ_RANKED
yacht	5	3.82	1	1	WORDFREQ_RANKED
yard	4	4.57	9	0	WORDFREQ_RANKED
yarn	4	3.60	2	1	WORDFREQ_RANKED
year	4	5.96	4	0	WORDFREQ_RANKED
yeast	5	3.67	2	0	WORDFREQ_RANKED
yell	4	3.85	2	2	WORDFREQ_RANKED
yoga	4	4.20	2	0	WORDFREQ_RANKED
youth	5	4.75	6	0	WORDFREQ_RANKED
zinc	4	3.65	1	1	WORDFREQ_RANKED
zone	4	4.72	4	2	WORDFREQ_RANKED
