lemma	length	zipf_frequency
аист	4	3.18
амплуа	6	3.52
аура	4	3.20
афро	4	3.20
бакс	4	3.23
барокко	7	3.43
беркут	6	3.51
бикини	6	3.48
блиц	4	3.20
боязнь	6	3.52
братец	6	3.49
бункер	6	3.49
бургер	6	3.50
веер	4	3.16
взятие	6	3.50
вонь	4	3.22
вранье	6	3.53
выговор	7	3.41
выгода	6	3.51
гейм	4	3.16
географ	7	3.44
гриф	4	3.18
грот	4	3.20
грош	4	3.19
дельфин	7	3.40
джунгли	7	3.44
допуск	6	3.49
дрон	4	3.23
дюйм	4	3.16
жало	4	3.22
зонт	4	3.18
изба	4	3.21
избыток	7	3.43
изюм	4	3.22
интрига	7	3.40
квас	4	3.16
кекс	4	3.25
кенгуру	7	3.43
киви	4	3.21
клинок	6	3.50
коло	4	3.16
колонка	7	3.39
комикс	6	3.52
корзина	7	3.44
краб	4	3.19
кривая	6	3.50
крошка	6	3.50
линк	4	3.19
лирика	6	3.52
логово	6	3.50
мазь	4	3.23
макияж	6	3.52
матрос	6	3.51
место	5	5.71
метель	6	3.51
монолог	7	3.42
мужик	5	4.63
никель	6	3.51
обилие	6	3.51
отдел	5	4.64
отклик	6	3.52
отсчет	6	3.51
папочка	7	3.44
паровоз	7	3.44
патент	6	3.54
патрон	6	3.49
песенка	7	3.42
пехота	6	3.51
пианист	7	3.45
пластик	7	3.46
погоня	6	3.50
подсчет	7	3.44
подушка	7	3.45
попугай	7	3.43
пресс	5	4.69
пробка	6	3.51
провод	6	3.53
разрез	6	3.49
район	5	4.78
реализм	7	3.42
рефери	6	3.50
родство	7	3.40
рысь	4	3.23
свисток	7	3.44
связь	5	4.92
сено	4	3.24
сера	4	3.20
серия	5	4.91
сказ	4	3.19
скрипка	7	3.44
слава	5	4.70
слив	4	3.19
собачка	7	3.44
совхоз	6	3.52
сопрано	7	3.42
соул	4	3.22
спонсор	7	3.42
стихия	6	3.51
сундук	6	3.53
схватка	7	3.46
счетчик	7	3.43
съемка	6	3.50
твит	4	3.22
темнота	7	3.46
тендер	6	3.54
теща	4	3.19
транзит	7	3.44
трафик	6	3.54
трубка	6	3.50
туннель	7	3.40
туча	4	3.22
убор	4	3.19
ушко	4	3.19
фаворит	7	3.42
фарш	4	3.19
флагман	7	3.43
фонарик	7	3.46
цунами	6	3.53
частица	7	3.40
чернила	7	3.43
число	5	5.24
чистота	7	3.45
шелк	4	3.19
шлюз	4	3.19
эконом	6	3.51
