lemma	length	topic
апостол	7	religion
араб	4	nationality
бандит	6	crime
библия	6	religion
богиня	6	religion
боевик	6	war
болезнь	7	disease
бунт	4	violence
вампир	6	occult
ведьма	6	occult
вера	4	religion
вето	4	politics
вино	4	alcohol
вирус	5	disease
владыка	7	religion
власть	6	politics
война	5	war
выборы	6	politics
гибель	6	death
грек	4	nationality
грех	4	religion
грипп	5	disease
гроб	4	death
гуру	4	religion
дебаты	6	politics
депутат	7	politics
диабет	6	disease
диагноз	7	disease
доза	4	drugs
допинг	6	drugs
допрос	6	crime
драка	5	violence
дума	4	politics
дура	4	profanity
дурь	4	drugs
дьявол	6	occult
епископ	7	religion
жертва	6	death
жрец	4	religion
заговор	7	politics
идол	4	religion
измена	6	crime
икона	5	religion
инсульт	7	disease
инфаркт	7	disease
казино	6	gambling
кайф	4	drugs
канцлер	7	politics
кокс	4	drugs
крест	5	religion
курение	7	tobacco
лозунг	6	politics
майдан	6	politics
мандат	6	politics
маньяк	6	crime
мертвый	7	death
мечеть	6	religion
министр	7	politics
митинг	6	politics
могила	6	death
молитва	7	religion
монах	5	religion
морг	4	death
насилие	7	violence
обет	4	religion
обитель	7	religion
обморок	7	disease
обыск	5	crime
ожог	4	injury
озноб	5	disease
опухоль	7	disease
останки	7	death
отстой	6	profanity
партия	6	politics
пастор	6	religion
патриот	7	politics
перелом	7	injury
пиво	4	alcohol
политик	7	politics
порез	5	injury
прах	4	death
премьер	7	politics
призрак	7	occult
приступ	7	disease
пророк	6	religion
протест	7	politics
псих	4	profanity
пьяный	6	alcohol
рабство	7	violence
рана	4	injury
ранение	7	injury
раса	4	profanity
раскол	6	politics
религия	7	religion
реформа	7	politics
ритуал	6	religion
рожа	4	profanity
розыск	6	crime
саммит	6	politics
сейм	4	politics
сенатор	7	politics
синдром	7	disease
синяк	5	injury
смерть	6	death
собор	5	religion
спикер	6	politics
табак	5	tobacco
таро	4	occult
теракт	6	war
террор	6	war
травма	6	injury
труп	4	death
тюрьма	6	crime
убийца	6	death
указ	4	politics
улика	5	crime
урод	4	profanity
фашизм	6	politics
финн	4	nationality
фракция	7	politics
француз	7	nationality
храм	4	religion
цензура	7	politics
церковь	7	religion
чума	4	disease
швед	4	nationality
шейх	4	politics
эмбарго	7	politics
язва	4	disease
янки	4	profanity
